Workbook

Sheet Listado
A1: IdJanij | B1: Nombre | C1: NumSocio | D1: FechaNacimiento | E1: DNI | F1: MailJanij | G1: TeléfonoJanij | H1: Adulto1 | I1: MailAdulto1 | J1: TelAdulto1 | K1: Adulto2 | L1: MailAdulto2 | M1: TelAdulto2 | N1: Colegio | O1: HermanxsJuventud | P1: ActividadesCISSAB | Q1: JashiNeda | R1: Alimentacion | S1: Color | T1: Mejan | V1: Asistencia Promedio
A2: 170 | B2: Victoria Mizrahi | C2: 1077302 | D2: 40065 | E2: 49700884 | F2: mizrahivictoria09@gmail.com | G2: 1165785831 | H2: Valeria Bulgach | I2: valebulg@gmail.com | J2: 1154900991 | K2: David mizrahi | L2: davidurielmizrahi@gmail.com | M2: 1131989670 | N2: ort | O2: hermana en bogrim mayor | P2: fútbol femenino | Q2: Nedarim | R2: Sin restricciones | S2: AZUL | T2: =IFS(SUM(IFNA(MATCH($B2,'DIVISION 15'!$A$2:$H$2,0),""),IFNA(MATCH($B2,'DIVISION 15'!$A$3:$H$3,0),""),IFNA(MATCH($B2,'DIVISION 15'!$A$4:$H$4,0),""),IFNA(MATCH($B2,'DIVISION 15'!$A$5:$H$5,0),""),IFNA(MATCH($B2,'DIVISION 15'!$A$6:$H$6,0),""),IFNA(MATCH($B2,'DIVISION 15'!$A$7:$H$7,0),""),IFNA(MATCH($B2,'DIVISION 15'!$A$8:$H$8,0),""),IFNA(MATCH($B2,'DIVISION 15'!$A$9:$H$9,0),""),IFNA(MATCH($B2,'DIVISION 15'!$A$10:$H$10,0),""),IFNA(MATCH($B2,'DIVISION 15'!$A$11:$H$11,0),""),IFNA(MATCH($B2,'DIVISION 15'!$A$12:$H$12,0),""),IFNA(MATCH($B2,'DIVISION 15'!$A$13:$H$13,0),""),IFNA(MATCH($B2,'DIVISION 15'!$A$14:$H$14,0),""),IFNA(MATCH($B2,'DIVISION 15'!$A$15:$H$15,0),""),IFNA(MATCH($B2,'DIVISION 15'!$A$16:$H$16,0),""),IFNA(MATCH($B2,'DIVISION 15'!$A$17:$H$17,0),""),IFNA(MATCH($B2,'DIVISION 15'!$A$18:$H$18,0),""))=1,'DIVISION 15'!$A$1,SUM(IFNA(MATCH($B2,'DIVISION 15'!$A$2:$H$2,0),""),IFNA(MATCH($B2,'DIVISION 15'!$A$3:$H$3,0),""),IFNA(MATCH($B2,'DIVISION 15'!$A$4:$H$4,0),""),IFNA(MATCH($B2,'DIVISION 15'!$A$5:$H$5,0),""),IFNA(MATCH($B2,'DIVISION 15'!$A$6:$H$6,0),""),IFNA(MATCH($B2,'DIVISION 15'!$A$7:$H$7,0),""),IFNA(MATCH($B2,'DIVISION 15'!$A$8:$H$8,0),""),IFNA(MATCH($B2,'DIVISION 15'!$A$9:$H$9,0),""),IFNA(MATCH($B2,'DIVISION 15'!$A$10:$H$10,0),""),IFNA(MATCH($B2,'DIVISION 15'!$A$11:$H$11,0),""),IFNA(MATCH($B2,'DIVISION 15'!$A$12:$H$12,0),""),IFNA(MATCH($B2,'DIVISION 15'!$A$13:$H$13,0),""),IFNA(MATCH($B2,'DIVISION 15'!$A$14:$H$14,0),""),IFNA(MATCH($B2,'DIVISION 15'!$A$15:$H$15,0),""),IFNA(MATCH($B2,'DIVISION 15'!$A$16:$H$16,0),""),IFNA(MATCH($B2,'DIVISION 15'!$A$17:$H$17,0),""),IFNA(MATCH($B2,'DIVISION 15'!$A$18:$H$18,0),""))=2,'DIVISION 15'!$B$1,SUM(IFNA(MATCH($B2,'DIVISION 15'!$A$2:$H$2,0),""),IFNA(MATCH($B2,'DIVISION 15'!$A$3:$H$3,0),""),IFNA(MATCH($B2,'DIVISION 15'!$A$4:$H$4,0),""),IFNA(MATCH($B2,'DIVISION 15'!$A$5:$H$5,0),""),IFNA(MATCH($B2,'DIVISION 15'!$A$6:$H$6,0),""),IFNA(MATCH($B2,'DIVISION 15'!$A$7:$H$7,0),""),IFNA(MATCH($B2,'DIVISION 15'!$A$8:$H$8,0),""),IFNA(MATCH($B2,'DIVISION 15'!$A$9:$H$9,0),""),IFNA(MATCH($B2,'DIVISION 15'!$A$10:$H$10,0),""),IFNA(MATCH($B2,'DIVISION 15'!$A$11:$H$11,0),""),IFNA(MATCH($B2,'DIVISION 15'!$A$12:$H$12,0),""),IFNA(MATCH($B2,'DIVISION 15'!$A$13:$H$13,0),""),IFNA(MATCH($B2,'DIVISION 15'!$A$14:$H$14,0),""),IFNA(MATCH($B2,'DIVISION 15'!$A$15:$H$15,0),""),IFNA(MATCH($B2,'DIVISION 15'!$A$16:$H$16,0),""),IFNA(MATCH($B2,'DIVISION 15'!$A$17:$H$17,0),""),IFNA(MATCH($B2,'DIVISION 15'!$A$18:$H$18,0),""))=3,'DIVISION 15'!$C$1,SUM(IFNA(MATCH($B2,'DIVISION 15'!$A$2:$H$2,0),""),IFNA(MATCH($B2,'DIVISION 15'!$A$3:$H$3,0),""),IFNA(MATCH($B2,'DIVISION 15'!$A$4:$H$4,0),""),IFNA(MATCH($B2,'DIVISION 15'!$A$5:$H$5,0),""),IFNA(MATCH($B2,'DIVISION 15'!$A$6:$H$6,0),""),IFNA(MATCH($B2,'DIVISION 15'!$A$7:$H$7,0),""),IFNA(MATCH($B2,'DIVISION 15'!$A$8:$H$8,0),""),IFNA(MATCH($B2,'DIVISION 15'!$A$9:$H$9,0),""),IFNA(MATCH($B2,'DIVISION 15'!$A$10:$H$10,0),""),IFNA(MATCH($B2,'DIVISION 15'!$A$11:$H$11,0),""),IFNA(MATCH($B2,'DIVISION 15'!$A$12:$H$12,0),""),IFNA(MATCH($B2,'DIVISION 15'!$A$13:$H$13,0),""),IFNA(MATCH($B2,'DIVISION 15'!$A$14:$H$14,0),""),IFNA(MATCH($B2,'DIVISION 15'!$A$15:$H$15,0),""),IFNA(MATCH($B2,'DIVISION 15'!$A$16:$H$16,0),""),IFNA(MATCH($B2,'DIVISION 15'!$A$17:$H$17,0),""),IFNA(MATCH($B2,'DIVISION 15'!$A$18:$H$18,0),""))=4,'DIVISION 15'!$D$1,SUM(IFNA(MATCH($B2,'DIVISION 15'!$A$2:$H$2,0),""),IFNA(MATCH($B2,'DIVISION 15'!$A$3:$H$3,0),""),IFNA(MATCH($B2,'DIVISION 15'!$A$4:$H$4,0),""),IFNA(MATCH($B2,'DIVISION 15'!$A$5:$H$5,0),""),IFNA(MATCH($B2,'DIVISION 15'!$A$6:$H$6,0),""),IFNA(MATCH($B2,'DIVISION 15'!$A$7:$H$7,0),""),IFNA(MATCH($B2,'DIVISION 15'!$A$8:$H$8,0),""),IFNA(MATCH($B2,'DIVISION 15'!$A$9:$H$9,0),""),IFNA(MATCH($B2,'DIVISION 15'!$A$10:$H$10,0),""),IFNA(MATCH($B2,'DIVISION 15'!$A$11:$H$11,0),""),IFNA(MATCH($B2,'DIVISION 15'!$A$12:$H$12,0),""),IFNA(MATCH($B2,'DIVISION 15'!$A$13:$H$13,0),""),IFNA(MATCH($B2,'DIVISION 15'!$A$14:$H$14,0),""),IFNA(MATCH($B2,'DIVISION 15'!$A$15:$H$15,0),""),IFNA(MATCH($B2,'DIVISION 15'!$A$16:$H$16,0),""),IFNA(MATCH($B2,'DIVISION 15'!$A$17:$H$17,0),""),IFNA(MATCH($B2,'DIVISION 15'!$A$18:$H$18,0),""))=5,'DIVISION 15'!$E$1,SUM(IFNA(MATCH($B2,'DIVISION 15'!$A$2:$H$2,0),""),IFNA(MATCH($B2,'DIVISION 15'!$A$3:$H$3,0),""),IFNA(MATCH($B2,'DIVISION 15'!$A$4:$H$4,0),""),IFNA(MATCH($B2,'DIVISION 15'!$A$5:$H$5,0),""),IFNA(MATCH($B2,'DIVISION 15'!$A$6:$H$6,0),""),IFNA(MATCH($B2,'DIVISION 15'!$A$7:$H$7,0),""),IFNA(MATCH($B2,'DIVISION 15'!$A$8:$H$8,0),""),IFNA(MATCH($B2,'DIVISION 15'!$A$9:$H$9,0),""),IFNA(MATCH($B2,'DIVISION 15'!$A$10:$H$10,0),""),IFNA(MATCH($B2,'DIVISION 15'!$A$11:$H$11,0),""),IFNA(MATCH($B2,'DIVISION 15'!$A$12:$H$12,0),""),IFNA(MATCH($B2,'DIVISION 15'!$A$13:$H$13,0),""),IFNA(MATCH($B2,'DIVISION 15'!$A$14:$H$14,0),""),IFNA(MATCH($B2,'DIVISION 15'!$A$15:$H$15,0),""),IFNA(MATCH($B2,'DIVISION 15'!$A$16:$H$16,0),""),IFNA(MATCH($B2,'DIVISION 15'!$A$17:$H$17,0),""),IFNA(MATCH($B2,'DIVISION 15'!$A$18:$H$18,0),""))=6,'DIVISION 15'!$F$1,SUM(IFNA(MATCH($B2,'DIVISION 15'!$A$2:$H$2,0),""),IFNA(MATCH($B2,'DIVISION 15'!$A$3:$H$3,0),""),IFNA(MATCH($B2,'DIVISION 15'!$A$4:$H$4,0),""),IFNA(MATCH($B2,'DIVISION 15'!$A$5:$H$5,0),""),IFNA(MATCH($B2,'DIVISION 15'!$A$6:$H$6,0),""),IFNA(MATCH($B2,'DIVISION 15'!$A$7:$H$7,0),""),IFNA(MATCH($B2,'DIVISION 15'!$A$8:$H$8,0),""),IFNA(MATCH($B2,'DIVISION 15'!$A$9:$H$9,0),""),IFNA(MATCH($B2,'DIVISION 15'!$A$10:$H$10,0),""),IFNA(MATCH($B2,'DIVISION 15'!$A$11:$H$11,0),""),IFNA(MATCH($B2,'DIVISION 15'!$A$12:$H$12,0),""),IFNA(MATCH($B2,'DIVISION 15'!$A$13:$H$13,0),""),IFNA(MATCH($B2,'DIVISION 15'!$A$14:$H$14,0),""),IFNA(MATCH($B2,'DIVISION 15'!$A$15:$H$15,0),""),IFNA(MATCH($B2,'DIVISION 15'!$A$16:$H$16,0),""),IFNA(MATCH($B2,'DIVISION 15'!$A$17:$H$17,0),""),IFNA(MATCH($B2,'DIVISION 15'!$A$18:$H$18,0),""))=7,'DIVISION 15'!$G$1,SUM(IFNA(MATCH($B2,'DIVISION 15'!$A$2:$H$2,0),""),IFNA(MATCH($B2,'DIVISION 15'!$A$3:$H$3,0),""),IFNA(MATCH($B2,'DIVISION 15'!$A$4:$H$4,0),""),IFNA(MATCH($B2,'DIVISION 15'!$A$5:$H$5,0),""),IFNA(MATCH($B2,'DIVISION 15'!$A$6:$H$6,0),""),IFNA(MATCH($B2,'DIVISION 15'!$A$7:$H$7,0),""),IFNA(MATCH($B2,'DIVISION 15'!$A$8:$H$8,0),""),IFNA(MATCH($B2,'DIVISION 15'!$A$9:$H$9,0),""),IFNA(MATCH($B2,'DIVISION 15'!$A$10:$H$10,0),""),IFNA(MATCH($B2,'DIVISION 15'!$A$11:$H$11,0),""),IFNA(MATCH($B2,'DIVISION 15'!$A$12:$H$12,0),""),IFNA(MATCH($B2,'DIVISION 15'!$A$13:$H$13,0),""),IFNA(MATCH($B2,'DIVISION 15'!$A$14:$H$14,0),""),IFNA(MATCH($B2,'DIVISION 15'!$A$15:$H$15,0),""),IFNA(MATCH($B2,'DIVISION 15'!$A$16:$H$16,0),""),IFNA(MATCH($B2,'DIVISION 15'!$A$17:$H$17,0),""),IFNA(MATCH($B2,'DIVISION 15'!$A$18:$H$18,0),""))=8,'DIVISION 15'!$H$1) -> LULI | U2: =T2&COUNTIF($T$1:T2,T2) -> LULI1 | V2: =SUMIF(AsistenciaViewJetAdmin!$A$3:$A$101,A2,AsistenciaViewJetAdmin!$C$3:$C$101)/(COUNTIF(AsistenciaViewJetAdmin!$D$102:V$102,">0")+COUNTIF(ActividadesEspeciales!$D$102:V$102,">0"))*100 -> 57.978723
A3: 134 | B3: Vera Kaplan | C3: 69312 | D3: 23122009 | E3: 50031430 | F3: 50031430@est.ort.edu.ar | G3: 1167004882 | H3: Adrian Kaplan | I3: adrokaplan@yahoo.com.ar | J3: 1131751107 | K3: Juliana gil gomez | L3: julianagilgomez@gmail.com | M3: 112472-0628 | N3: Ort yatay | O3: Galo madrij. | P3: Hockey | Q3: Nedarim | S3: NARANJA | T3: =IFS(SUM(IFNA(MATCH($B3,'DIVISION 15'!$A$2:$H$2,0),""),IFNA(MATCH($B3,'DIVISION 15'!$A$3:$H$3,0),""),IFNA(MATCH($B3,'DIVISION 15'!$A$4:$H$4,0),""),IFNA(MATCH($B3,'DIVISION 15'!$A$5:$H$5,0),""),IFNA(MATCH($B3,'DIVISION 15'!$A$6:$H$6,0),""),IFNA(MATCH($B3,'DIVISION 15'!$A$7:$H$7,0),""),IFNA(MATCH($B3,'DIVISION 15'!$A$8:$H$8,0),""),IFNA(MATCH($B3,'DIVISION 15'!$A$9:$H$9,0),""),IFNA(MATCH($B3,'DIVISION 15'!$A$10:$H$10,0),""),IFNA(MATCH($B3,'DIVISION 15'!$A$11:$H$11,0),""),IFNA(MATCH($B3,'DIVISION 15'!$A$12:$H$12,0),""),IFNA(MATCH($B3,'DIVISION 15'!$A$13:$H$13,0),""),IFNA(MATCH($B3,'DIVISION 15'!$A$14:$H$14,0),""),IFNA(MATCH($B3,'DIVISION 15'!$A$15:$H$15,0),""),IFNA(MATCH($B3,'DIVISION 15'!$A$16:$H$16,0),""),IFNA(MATCH($B3,'DIVISION 15'!$A$17:$H$17,0),""),IFNA(MATCH($B3,'DIVISION 15'!$A$18:$H$18,0),""))=1,'DIVISION 15'!$A$1,SUM(IFNA(MATCH($B3,'DIVISION 15'!$A$2:$H$2,0),""),IFNA(MATCH($B3,'DIVISION 15'!$A$3:$H$3,0),""),IFNA(MATCH($B3,'DIVISION 15'!$A$4:$H$4,0),""),IFNA(MATCH($B3,'DIVISION 15'!$A$5:$H$5,0),""),IFNA(MATCH($B3,'DIVISION 15'!$A$6:$H$6,0),""),IFNA(MATCH($B3,'DIVISION 15'!$A$7:$H$7,0),""),IFNA(MATCH($B3,'DIVISION 15'!$A$8:$H$8,0),""),IFNA(MATCH($B3,'DIVISION 15'!$A$9:$H$9,0),""),IFNA(MATCH($B3,'DIVISION 15'!$A$10:$H$10,0),""),IFNA(MATCH($B3,'DIVISION 15'!$A$11:$H$11,0),""),IFNA(MATCH($B3,'DIVISION 15'!$A$12:$H$12,0),""),IFNA(MATCH($B3,'DIVISION 15'!$A$13:$H$13,0),""),IFNA(MATCH($B3,'DIVISION 15'!$A$14:$H$14,0),""),IFNA(MATCH($B3,'DIVISION 15'!$A$15:$H$15,0),""),IFNA(MATCH($B3,'DIVISION 15'!$A$16:$H$16,0),""),IFNA(MATCH($B3,'DIVISION 15'!$A$17:$H$17,0),""),IFNA(MATCH($B3,'DIVISION 15'!$A$18:$H$18,0),""))=2,'DIVISION 15'!$B$1,SUM(IFNA(MATCH($B3,'DIVISION 15'!$A$2:$H$2,0),""),IFNA(MATCH($B3,'DIVISION 15'!$A$3:$H$3,0),""),IFNA(MATCH($B3,'DIVISION 15'!$A$4:$H$4,0),""),IFNA(MATCH($B3,'DIVISION 15'!$A$5:$H$5,0),""),IFNA(MATCH($B3,'DIVISION 15'!$A$6:$H$6,0),""),IFNA(MATCH($B3,'DIVISION 15'!$A$7:$H$7,0),""),IFNA(MATCH($B3,'DIVISION 15'!$A$8:$H$8,0),""),IFNA(MATCH($B3,'DIVISION 15'!$A$9:$H$9,0),""),IFNA(MATCH($B3,'DIVISION 15'!$A$10:$H$10,0),""),IFNA(MATCH($B3,'DIVISION 15'!$A$11:$H$11,0),""),IFNA(MATCH($B3,'DIVISION 15'!$A$12:$H$12,0),""),IFNA(MATCH($B3,'DIVISION 15'!$A$13:$H$13,0),""),IFNA(MATCH($B3,'DIVISION 15'!$A$14:$H$14,0),""),IFNA(MATCH($B3,'DIVISION 15'!$A$15:$H$15,0),""),IFNA(MATCH($B3,'DIVISION 15'!$A$16:$H$16,0),""),IFNA(MATCH($B3,'DIVISION 15'!$A$17:$H$17,0),""),IFNA(MATCH($B3,'DIVISION 15'!$A$18:$H$18,0),""))=3,'DIVISION 15'!$C$1,SUM(IFNA(MATCH($B3,'DIVISION 15'!$A$2:$H$2,0),""),IFNA(MATCH($B3,'DIVISION 15'!$A$3:$H$3,0),""),IFNA(MATCH($B3,'DIVISION 15'!$A$4:$H$4,0),""),IFNA(MATCH($B3,'DIVISION 15'!$A$5:$H$5,0),""),IFNA(MATCH($B3,'DIVISION 15'!$A$6:$H$6,0),""),IFNA(MATCH($B3,'DIVISION 15'!$A$7:$H$7,0),""),IFNA(MATCH($B3,'DIVISION 15'!$A$8:$H$8,0),""),IFNA(MATCH($B3,'DIVISION 15'!$A$9:$H$9,0),""),IFNA(MATCH($B3,'DIVISION 15'!$A$10:$H$10,0),""),IFNA(MATCH($B3,'DIVISION 15'!$A$11:$H$11,0),""),IFNA(MATCH($B3,'DIVISION 15'!$A$12:$H$12,0),""),IFNA(MATCH($B3,'DIVISION 15'!$A$13:$H$13,0),""),IFNA(MATCH($B3,'DIVISION 15'!$A$14:$H$14,0),""),IFNA(MATCH($B3,'DIVISION 15'!$A$15:$H$15,0),""),IFNA(MATCH($B3,'DIVISION 15'!$A$16:$H$16,0),""),IFNA(MATCH($B3,'DIVISION 15'!$A$17:$H$17,0),""),IFNA(MATCH($B3,'DIVISION 15'!$A$18:$H$18,0),""))=4,'DIVISION 15'!$D$1,SUM(IFNA(MATCH($B3,'DIVISION 15'!$A$2:$H$2,0),""),IFNA(MATCH($B3,'DIVISION 15'!$A$3:$H$3,0),""),IFNA(MATCH($B3,'DIVISION 15'!$A$4:$H$4,0),""),IFNA(MATCH($B3,'DIVISION 15'!$A$5:$H$5,0),""),IFNA(MATCH($B3,'DIVISION 15'!$A$6:$H$6,0),""),IFNA(MATCH($B3,'DIVISION 15'!$A$7:$H$7,0),""),IFNA(MATCH($B3,'DIVISION 15'!$A$8:$H$8,0),""),IFNA(MATCH($B3,'DIVISION 15'!$A$9:$H$9,0),""),IFNA(MATCH($B3,'DIVISION 15'!$A$10:$H$10,0),""),IFNA(MATCH($B3,'DIVISION 15'!$A$11:$H$11,0),""),IFNA(MATCH($B3,'DIVISION 15'!$A$12:$H$12,0),""),IFNA(MATCH($B3,'DIVISION 15'!$A$13:$H$13,0),""),IFNA(MATCH($B3,'DIVISION 15'!$A$14:$H$14,0),""),IFNA(MATCH($B3,'DIVISION 15'!$A$15:$H$15,0),""),IFNA(MATCH($B3,'DIVISION 15'!$A$16:$H$16,0),""),IFNA(MATCH($B3,'DIVISION 15'!$A$17:$H$17,0),""),IFNA(MATCH($B3,'DIVISION 15'!$A$18:$H$18,0),""))=5,'DIVISION 15'!$E$1,SUM(IFNA(MATCH($B3,'DIVISION 15'!$A$2:$H$2,0),""),IFNA(MATCH($B3,'DIVISION 15'!$A$3:$H$3,0),""),IFNA(MATCH($B3,'DIVISION 15'!$A$4:$H$4,0),""),IFNA(MATCH($B3,'DIVISION 15'!$A$5:$H$5,0),""),IFNA(MATCH($B3,'DIVISION 15'!$A$6:$H$6,0),""),IFNA(MATCH($B3,'DIVISION 15'!$A$7:$H$7,0),""),IFNA(MATCH($B3,'DIVISION 15'!$A$8:$H$8,0),""),IFNA(MATCH($B3,'DIVISION 15'!$A$9:$H$9,0),""),IFNA(MATCH($B3,'DIVISION 15'!$A$10:$H$10,0),""),IFNA(MATCH($B3,'DIVISION 15'!$A$11:$H$11,0),""),IFNA(MATCH($B3,'DIVISION 15'!$A$12:$H$12,0),""),IFNA(MATCH($B3,'DIVISION 15'!$A$13:$H$13,0),""),IFNA(MATCH($B3,'DIVISION 15'!$A$14:$H$14,0),""),IFNA(MATCH($B3,'DIVISION 15'!$A$15:$H$15,0),""),IFNA(MATCH($B3,'DIVISION 15'!$A$16:$H$16,0),""),IFNA(MATCH($B3,'DIVISION 15'!$A$17:$H$17,0),""),IFNA(MATCH($B3,'DIVISION 15'!$A$18:$H$18,0),""))=6,'DIVISION 15'!$F$1,SUM(IFNA(MATCH($B3,'DIVISION 15'!$A$2:$H$2,0),""),IFNA(MATCH($B3,'DIVISION 15'!$A$3:$H$3,0),""),IFNA(MATCH($B3,'DIVISION 15'!$A$4:$H$4,0),""),IFNA(MATCH($B3,'DIVISION 15'!$A$5:$H$5,0),""),IFNA(MATCH($B3,'DIVISION 15'!$A$6:$H$6,0),""),IFNA(MATCH($B3,'DIVISION 15'!$A$7:$H$7,0),""),IFNA(MATCH($B3,'DIVISION 15'!$A$8:$H$8,0),""),IFNA(MATCH($B3,'DIVISION 15'!$A$9:$H$9,0),""),IFNA(MATCH($B3,'DIVISION 15'!$A$10:$H$10,0),""),IFNA(MATCH($B3,'DIVISION 15'!$A$11:$H$11,0),""),IFNA(MATCH($B3,'DIVISION 15'!$A$12:$H$12,0),""),IFNA(MATCH($B3,'DIVISION 15'!$A$13:$H$13,0),""),IFNA(MATCH($B3,'DIVISION 15'!$A$14:$H$14,0),""),IFNA(MATCH($B3,'DIVISION 15'!$A$15:$H$15,0),""),IFNA(MATCH($B3,'DIVISION 15'!$A$16:$H$16,0),""),IFNA(MATCH($B3,'DIVISION 15'!$A$17:$H$17,0),""),IFNA(MATCH($B3,'DIVISION 15'!$A$18:$H$18,0),""))=7,'DIVISION 15'!$G$1,SUM(IFNA(MATCH($B3,'DIVISION 15'!$A$2:$H$2,0),""),IFNA(MATCH($B3,'DIVISION 15'!$A$3:$H$3,0),""),IFNA(MATCH($B3,'DIVISION 15'!$A$4:$H$4,0),""),IFNA(MATCH($B3,'DIVISION 15'!$A$5:$H$5,0),""),IFNA(MATCH($B3,'DIVISION 15'!$A$6:$H$6,0),""),IFNA(MATCH($B3,'DIVISION 15'!$A$7:$H$7,0),""),IFNA(MATCH($B3,'DIVISION 15'!$A$8:$H$8,0),""),IFNA(MATCH($B3,'DIVISION 15'!$A$9:$H$9,0),""),IFNA(MATCH($B3,'DIVISION 15'!$A$10:$H$10,0),""),IFNA(MATCH($B3,'DIVISION 15'!$A$11:$H$11,0),""),IFNA(MATCH($B3,'DIVISION 15'!$A$12:$H$12,0),""),IFNA(MATCH($B3,'DIVISION 15'!$A$13:$H$13,0),""),IFNA(MATCH($B3,'DIVISION 15'!$A$14:$H$14,0),""),IFNA(MATCH($B3,'DIVISION 15'!$A$15:$H$15,0),""),IFNA(MATCH($B3,'DIVISION 15'!$A$16:$H$16,0),""),IFNA(MATCH($B3,'DIVISION 15'!$A$17:$H$17,0),""),IFNA(MATCH($B3,'DIVISION 15'!$A$18:$H$18,0),""))=8,'DIVISION 15'!$H$1) -> EITU | U3: =T3&COUNTIF($T$1:T3,T3) -> EITU1 | V3: =SUMIF(AsistenciaViewJetAdmin!$A$3:$A$101,A3,AsistenciaViewJetAdmin!$C$3:$C$101)/(COUNTIF(AsistenciaViewJetAdmin!$D$102:V$102,">0")+COUNTIF(ActividadesEspeciales!$D$102:V$102,">0"))*100 -> 67.553191
A4: 161 | B4: Valentín Cohen | C4: 905507 | D4: 22/06/2010 | E4: 50416933 | F4: chinobostero09@gmail.com | G4: 1164929717 | H4: Andrea Basile | I4: andrea.marina.basile@gmail.com | J4: 1149361831 | K4: Ricardo cohen | L4: riquicohen@gnail.com | M4: 1149376172 | N4: ORT | O4: Si. En modadon | P4: Futbol | Q4: Nedarim | R4: Sin restricciones | S4: NARANJA | T4: =IFS(SUM(IFNA(MATCH($B4,'DIVISION 15'!$A$2:$H$2,0),""),IFNA(MATCH($B4,'DIVISION 15'!$A$3:$H$3,0),""),IFNA(MATCH($B4,'DIVISION 15'!$A$4:$H$4,0),""),IFNA(MATCH($B4,'DIVISION 15'!$A$5:$H$5,0),""),IFNA(MATCH($B4,'DIVISION 15'!$A$6:$H$6,0),""),IFNA(MATCH($B4,'DIVISION 15'!$A$7:$H$7,0),""),IFNA(MATCH($B4,'DIVISION 15'!$A$8:$H$8,0),""),IFNA(MATCH($B4,'DIVISION 15'!$A$9:$H$9,0),""),IFNA(MATCH($B4,'DIVISION 15'!$A$10:$H$10,0),""),IFNA(MATCH($B4,'DIVISION 15'!$A$11:$H$11,0),""),IFNA(MATCH($B4,'DIVISION 15'!$A$12:$H$12,0),""),IFNA(MATCH($B4,'DIVISION 15'!$A$13:$H$13,0),""),IFNA(MATCH($B4,'DIVISION 15'!$A$14:$H$14,0),""),IFNA(MATCH($B4,'DIVISION 15'!$A$15:$H$15,0),""),IFNA(MATCH($B4,'DIVISION 15'!$A$16:$H$16,0),""),IFNA(MATCH($B4,'DIVISION 15'!$A$17:$H$17,0),""),IFNA(MATCH($B4,'DIVISION 15'!$A$18:$H$18,0),""))=1,'DIVISION 15'!$A$1,SUM(IFNA(MATCH($B4,'DIVISION 15'!$A$2:$H$2,0),""),IFNA(MATCH($B4,'DIVISION 15'!$A$3:$H$3,0),""),IFNA(MATCH($B4,'DIVISION 15'!$A$4:$H$4,0),""),IFNA(MATCH($B4,'DIVISION 15'!$A$5:$H$5,0),""),IFNA(MATCH($B4,'DIVISION 15'!$A$6:$H$6,0),""),IFNA(MATCH($B4,'DIVISION 15'!$A$7:$H$7,0),""),IFNA(MATCH($B4,'DIVISION 15'!$A$8:$H$8,0),""),IFNA(MATCH($B4,'DIVISION 15'!$A$9:$H$9,0),""),IFNA(MATCH($B4,'DIVISION 15'!$A$10:$H$10,0),""),IFNA(MATCH($B4,'DIVISION 15'!$A$11:$H$11,0),""),IFNA(MATCH($B4,'DIVISION 15'!$A$12:$H$12,0),""),IFNA(MATCH($B4,'DIVISION 15'!$A$13:$H$13,0),""),IFNA(MATCH($B4,'DIVISION 15'!$A$14:$H$14,0),""),IFNA(MATCH($B4,'DIVISION 15'!$A$15:$H$15,0),""),IFNA(MATCH($B4,'DIVISION 15'!$A$16:$H$16,0),""),IFNA(MATCH($B4,'DIVISION 15'!$A$17:$H$17,0),""),IFNA(MATCH($B4,'DIVISION 15'!$A$18:$H$18,0),""))=2,'DIVISION 15'!$B$1,SUM(IFNA(MATCH($B4,'DIVISION 15'!$A$2:$H$2,0),""),IFNA(MATCH($B4,'DIVISION 15'!$A$3:$H$3,0),""),IFNA(MATCH($B4,'DIVISION 15'!$A$4:$H$4,0),""),IFNA(MATCH($B4,'DIVISION 15'!$A$5:$H$5,0),""),IFNA(MATCH($B4,'DIVISION 15'!$A$6:$H$6,0),""),IFNA(MATCH($B4,'DIVISION 15'!$A$7:$H$7,0),""),IFNA(MATCH($B4,'DIVISION 15'!$A$8:$H$8,0),""),IFNA(MATCH($B4,'DIVISION 15'!$A$9:$H$9,0),""),IFNA(MATCH($B4,'DIVISION 15'!$A$10:$H$10,0),""),IFNA(MATCH($B4,'DIVISION 15'!$A$11:$H$11,0),""),IFNA(MATCH($B4,'DIVISION 15'!$A$12:$H$12,0),""),IFNA(MATCH($B4,'DIVISION 15'!$A$13:$H$13,0),""),IFNA(MATCH($B4,'DIVISION 15'!$A$14:$H$14,0),""),IFNA(MATCH($B4,'DIVISION 15'!$A$15:$H$15,0),""),IFNA(MATCH($B4,'DIVISION 15'!$A$16:$H$16,0),""),IFNA(MATCH($B4,'DIVISION 15'!$A$17:$H$17,0),""),IFNA(MATCH($B4,'DIVISION 15'!$A$18:$H$18,0),""))=3,'DIVISION 15'!$C$1,SUM(IFNA(MATCH($B4,'DIVISION 15'!$A$2:$H$2,0),""),IFNA(MATCH($B4,'DIVISION 15'!$A$3:$H$3,0),""),IFNA(MATCH($B4,'DIVISION 15'!$A$4:$H$4,0),""),IFNA(MATCH($B4,'DIVISION 15'!$A$5:$H$5,0),""),IFNA(MATCH($B4,'DIVISION 15'!$A$6:$H$6,0),""),IFNA(MATCH($B4,'DIVISION 15'!$A$7:$H$7,0),""),IFNA(MATCH($B4,'DIVISION 15'!$A$8:$H$8,0),""),IFNA(MATCH($B4,'DIVISION 15'!$A$9:$H$9,0),""),IFNA(MATCH($B4,'DIVISION 15'!$A$10:$H$10,0),""),IFNA(MATCH($B4,'DIVISION 15'!$A$11:$H$11,0),""),IFNA(MATCH($B4,'DIVISION 15'!$A$12:$H$12,0),""),IFNA(MATCH($B4,'DIVISION 15'!$A$13:$H$13,0),""),IFNA(MATCH($B4,'DIVISION 15'!$A$14:$H$14,0),""),IFNA(MATCH($B4,'DIVISION 15'!$A$15:$H$15,0),""),IFNA(MATCH($B4,'DIVISION 15'!$A$16:$H$16,0),""),IFNA(MATCH($B4,'DIVISION 15'!$A$17:$H$17,0),""),IFNA(MATCH($B4,'DIVISION 15'!$A$18:$H$18,0),""))=4,'DIVISION 15'!$D$1,SUM(IFNA(MATCH($B4,'DIVISION 15'!$A$2:$H$2,0),""),IFNA(MATCH($B4,'DIVISION 15'!$A$3:$H$3,0),""),IFNA(MATCH($B4,'DIVISION 15'!$A$4:$H$4,0),""),IFNA(MATCH($B4,'DIVISION 15'!$A$5:$H$5,0),""),IFNA(MATCH($B4,'DIVISION 15'!$A$6:$H$6,0),""),IFNA(MATCH($B4,'DIVISION 15'!$A$7:$H$7,0),""),IFNA(MATCH($B4,'DIVISION 15'!$A$8:$H$8,0),""),IFNA(MATCH($B4,'DIVISION 15'!$A$9:$H$9,0),""),IFNA(MATCH($B4,'DIVISION 15'!$A$10:$H$10,0),""),IFNA(MATCH($B4,'DIVISION 15'!$A$11:$H$11,0),""),IFNA(MATCH($B4,'DIVISION 15'!$A$12:$H$12,0),""),IFNA(MATCH($B4,'DIVISION 15'!$A$13:$H$13,0),""),IFNA(MATCH($B4,'DIVISION 15'!$A$14:$H$14,0),""),IFNA(MATCH($B4,'DIVISION 15'!$A$15:$H$15,0),""),IFNA(MATCH($B4,'DIVISION 15'!$A$16:$H$16,0),""),IFNA(MATCH($B4,'DIVISION 15'!$A$17:$H$17,0),""),IFNA(MATCH($B4,'DIVISION 15'!$A$18:$H$18,0),""))=5,'DIVISION 15'!$E$1,SUM(IFNA(MATCH($B4,'DIVISION 15'!$A$2:$H$2,0),""),IFNA(MATCH($B4,'DIVISION 15'!$A$3:$H$3,0),""),IFNA(MATCH($B4,'DIVISION 15'!$A$4:$H$4,0),""),IFNA(MATCH($B4,'DIVISION 15'!$A$5:$H$5,0),""),IFNA(MATCH($B4,'DIVISION 15'!$A$6:$H$6,0),""),IFNA(MATCH($B4,'DIVISION 15'!$A$7:$H$7,0),""),IFNA(MATCH($B4,'DIVISION 15'!$A$8:$H$8,0),""),IFNA(MATCH($B4,'DIVISION 15'!$A$9:$H$9,0),""),IFNA(MATCH($B4,'DIVISION 15'!$A$10:$H$10,0),""),IFNA(MATCH($B4,'DIVISION 15'!$A$11:$H$11,0),""),IFNA(MATCH($B4,'DIVISION 15'!$A$12:$H$12,0),""),IFNA(MATCH($B4,'DIVISION 15'!$A$13:$H$13,0),""),IFNA(MATCH($B4,'DIVISION 15'!$A$14:$H$14,0),""),IFNA(MATCH($B4,'DIVISION 15'!$A$15:$H$15,0),""),IFNA(MATCH($B4,'DIVISION 15'!$A$16:$H$16,0),""),IFNA(MATCH($B4,'DIVISION 15'!$A$17:$H$17,0),""),IFNA(MATCH($B4,'DIVISION 15'!$A$18:$H$18,0),""))=6,'DIVISION 15'!$F$1,SUM(IFNA(MATCH($B4,'DIVISION 15'!$A$2:$H$2,0),""),IFNA(MATCH($B4,'DIVISION 15'!$A$3:$H$3,0),""),IFNA(MATCH($B4,'DIVISION 15'!$A$4:$H$4,0),""),IFNA(MATCH($B4,'DIVISION 15'!$A$5:$H$5,0),""),IFNA(MATCH($B4,'DIVISION 15'!$A$6:$H$6,0),""),IFNA(MATCH($B4,'DIVISION 15'!$A$7:$H$7,0),""),IFNA(MATCH($B4,'DIVISION 15'!$A$8:$H$8,0),""),IFNA(MATCH($B4,'DIVISION 15'!$A$9:$H$9,0),""),IFNA(MATCH($B4,'DIVISION 15'!$A$10:$H$10,0),""),IFNA(MATCH($B4,'DIVISION 15'!$A$11:$H$11,0),""),IFNA(MATCH($B4,'DIVISION 15'!$A$12:$H$12,0),""),IFNA(MATCH($B4,'DIVISION 15'!$A$13:$H$13,0),""),IFNA(MATCH($B4,'DIVISION 15'!$A$14:$H$14,0),""),IFNA(MATCH($B4,'DIVISION 15'!$A$15:$H$15,0),""),IFNA(MATCH($B4,'DIVISION 15'!$A$16:$H$16,0),""),IFNA(MATCH($B4,'DIVISION 15'!$A$17:$H$17,0),""),IFNA(MATCH($B4,'DIVISION 15'!$A$18:$H$18,0),""))=7,'DIVISION 15'!$G$1,SUM(IFNA(MATCH($B4,'DIVISION 15'!$A$2:$H$2,0),""),IFNA(MATCH($B4,'DIVISION 15'!$A$3:$H$3,0),""),IFNA(MATCH($B4,'DIVISION 15'!$A$4:$H$4,0),""),IFNA(MATCH($B4,'DIVISION 15'!$A$5:$H$5,0),""),IFNA(MATCH($B4,'DIVISION 15'!$A$6:$H$6,0),""),IFNA(MATCH($B4,'DIVISION 15'!$A$7:$H$7,0),""),IFNA(MATCH($B4,'DIVISION 15'!$A$8:$H$8,0),""),IFNA(MATCH($B4,'DIVISION 15'!$A$9:$H$9,0),""),IFNA(MATCH($B4,'DIVISION 15'!$A$10:$H$10,0),""),IFNA(MATCH($B4,'DIVISION 15'!$A$11:$H$11,0),""),IFNA(MATCH($B4,'DIVISION 15'!$A$12:$H$12,0),""),IFNA(MATCH($B4,'DIVISION 15'!$A$13:$H$13,0),""),IFNA(MATCH($B4,'DIVISION 15'!$A$14:$H$14,0),""),IFNA(MATCH($B4,'DIVISION 15'!$A$15:$H$15,0),""),IFNA(MATCH($B4,'DIVISION 15'!$A$16:$H$16,0),""),IFNA(MATCH($B4,'DIVISION 15'!$A$17:$H$17,0),""),IFNA(MATCH($B4,'DIVISION 15'!$A$18:$H$18,0),""))=8,'DIVISION 15'!$H$1) -> EITU | U4: =T4&COUNTIF($T$1:T4,T4) -> EITU2 | V4: =SUMIF(AsistenciaViewJetAdmin!$A$3:$A$101,A4,AsistenciaViewJetAdmin!$C$3:$C$101)/(COUNTIF(AsistenciaViewJetAdmin!$D$102:V$102,">0")+COUNTIF(ActividadesEspeciales!$D$102:V$102,">0"))*100 -> 42.021277
A5: 137 | B5: Tomas Garbovetsky | C5: 1030601 | D5: 0706/2010 | E5: 50322872 | F5: totogarbo10@gmail.com | G5: 1140512585 | H5: Melisa Fenig | I5: fenignelisa@hotmail.com | J5: 1168302846 | K5: Alan Garbovetsky | L5: alangarbo@gmail.com | M5: 1151615809 | N5: Ort | O5: Si en ananim y letamid | P5: Futbol | Q5: Nedarim | R5: Sin restricciones | S5: NARANJA | T5: =IFS(SUM(IFNA(MATCH($B5,'DIVISION 15'!$A$2:$H$2,0),""),IFNA(MATCH($B5,'DIVISION 15'!$A$3:$H$3,0),""),IFNA(MATCH($B5,'DIVISION 15'!$A$4:$H$4,0),""),IFNA(MATCH($B5,'DIVISION 15'!$A$5:$H$5,0),""),IFNA(MATCH($B5,'DIVISION 15'!$A$6:$H$6,0),""),IFNA(MATCH($B5,'DIVISION 15'!$A$7:$H$7,0),""),IFNA(MATCH($B5,'DIVISION 15'!$A$8:$H$8,0),""),IFNA(MATCH($B5,'DIVISION 15'!$A$9:$H$9,0),""),IFNA(MATCH($B5,'DIVISION 15'!$A$10:$H$10,0),""),IFNA(MATCH($B5,'DIVISION 15'!$A$11:$H$11,0),""),IFNA(MATCH($B5,'DIVISION 15'!$A$12:$H$12,0),""),IFNA(MATCH($B5,'DIVISION 15'!$A$13:$H$13,0),""),IFNA(MATCH($B5,'DIVISION 15'!$A$14:$H$14,0),""),IFNA(MATCH($B5,'DIVISION 15'!$A$15:$H$15,0),""),IFNA(MATCH($B5,'DIVISION 15'!$A$16:$H$16,0),""),IFNA(MATCH($B5,'DIVISION 15'!$A$17:$H$17,0),""),IFNA(MATCH($B5,'DIVISION 15'!$A$18:$H$18,0),""))=1,'DIVISION 15'!$A$1,SUM(IFNA(MATCH($B5,'DIVISION 15'!$A$2:$H$2,0),""),IFNA(MATCH($B5,'DIVISION 15'!$A$3:$H$3,0),""),IFNA(MATCH($B5,'DIVISION 15'!$A$4:$H$4,0),""),IFNA(MATCH($B5,'DIVISION 15'!$A$5:$H$5,0),""),IFNA(MATCH($B5,'DIVISION 15'!$A$6:$H$6,0),""),IFNA(MATCH($B5,'DIVISION 15'!$A$7:$H$7,0),""),IFNA(MATCH($B5,'DIVISION 15'!$A$8:$H$8,0),""),IFNA(MATCH($B5,'DIVISION 15'!$A$9:$H$9,0),""),IFNA(MATCH($B5,'DIVISION 15'!$A$10:$H$10,0),""),IFNA(MATCH($B5,'DIVISION 15'!$A$11:$H$11,0),""),IFNA(MATCH($B5,'DIVISION 15'!$A$12:$H$12,0),""),IFNA(MATCH($B5,'DIVISION 15'!$A$13:$H$13,0),""),IFNA(MATCH($B5,'DIVISION 15'!$A$14:$H$14,0),""),IFNA(MATCH($B5,'DIVISION 15'!$A$15:$H$15,0),""),IFNA(MATCH($B5,'DIVISION 15'!$A$16:$H$16,0),""),IFNA(MATCH($B5,'DIVISION 15'!$A$17:$H$17,0),""),IFNA(MATCH($B5,'DIVISION 15'!$A$18:$H$18,0),""))=2,'DIVISION 15'!$B$1,SUM(IFNA(MATCH($B5,'DIVISION 15'!$A$2:$H$2,0),""),IFNA(MATCH($B5,'DIVISION 15'!$A$3:$H$3,0),""),IFNA(MATCH($B5,'DIVISION 15'!$A$4:$H$4,0),""),IFNA(MATCH($B5,'DIVISION 15'!$A$5:$H$5,0),""),IFNA(MATCH($B5,'DIVISION 15'!$A$6:$H$6,0),""),IFNA(MATCH($B5,'DIVISION 15'!$A$7:$H$7,0),""),IFNA(MATCH($B5,'DIVISION 15'!$A$8:$H$8,0),""),IFNA(MATCH($B5,'DIVISION 15'!$A$9:$H$9,0),""),IFNA(MATCH($B5,'DIVISION 15'!$A$10:$H$10,0),""),IFNA(MATCH($B5,'DIVISION 15'!$A$11:$H$11,0),""),IFNA(MATCH($B5,'DIVISION 15'!$A$12:$H$12,0),""),IFNA(MATCH($B5,'DIVISION 15'!$A$13:$H$13,0),""),IFNA(MATCH($B5,'DIVISION 15'!$A$14:$H$14,0),""),IFNA(MATCH($B5,'DIVISION 15'!$A$15:$H$15,0),""),IFNA(MATCH($B5,'DIVISION 15'!$A$16:$H$16,0),""),IFNA(MATCH($B5,'DIVISION 15'!$A$17:$H$17,0),""),IFNA(MATCH($B5,'DIVISION 15'!$A$18:$H$18,0),""))=3,'DIVISION 15'!$C$1,SUM(IFNA(MATCH($B5,'DIVISION 15'!$A$2:$H$2,0),""),IFNA(MATCH($B5,'DIVISION 15'!$A$3:$H$3,0),""),IFNA(MATCH($B5,'DIVISION 15'!$A$4:$H$4,0),""),IFNA(MATCH($B5,'DIVISION 15'!$A$5:$H$5,0),""),IFNA(MATCH($B5,'DIVISION 15'!$A$6:$H$6,0),""),IFNA(MATCH($B5,'DIVISION 15'!$A$7:$H$7,0),""),IFNA(MATCH($B5,'DIVISION 15'!$A$8:$H$8,0),""),IFNA(MATCH($B5,'DIVISION 15'!$A$9:$H$9,0),""),IFNA(MATCH($B5,'DIVISION 15'!$A$10:$H$10,0),""),IFNA(MATCH($B5,'DIVISION 15'!$A$11:$H$11,0),""),IFNA(MATCH($B5,'DIVISION 15'!$A$12:$H$12,0),""),IFNA(MATCH($B5,'DIVISION 15'!$A$13:$H$13,0),""),IFNA(MATCH($B5,'DIVISION 15'!$A$14:$H$14,0),""),IFNA(MATCH($B5,'DIVISION 15'!$A$15:$H$15,0),""),IFNA(MATCH($B5,'DIVISION 15'!$A$16:$H$16,0),""),IFNA(MATCH($B5,'DIVISION 15'!$A$17:$H$17,0),""),IFNA(MATCH($B5,'DIVISION 15'!$A$18:$H$18,0),""))=4,'DIVISION 15'!$D$1,SUM(IFNA(MATCH($B5,'DIVISION 15'!$A$2:$H$2,0),""),IFNA(MATCH($B5,'DIVISION 15'!$A$3:$H$3,0),""),IFNA(MATCH($B5,'DIVISION 15'!$A$4:$H$4,0),""),IFNA(MATCH($B5,'DIVISION 15'!$A$5:$H$5,0),""),IFNA(MATCH($B5,'DIVISION 15'!$A$6:$H$6,0),""),IFNA(MATCH($B5,'DIVISION 15'!$A$7:$H$7,0),""),IFNA(MATCH($B5,'DIVISION 15'!$A$8:$H$8,0),""),IFNA(MATCH($B5,'DIVISION 15'!$A$9:$H$9,0),""),IFNA(MATCH($B5,'DIVISION 15'!$A$10:$H$10,0),""),IFNA(MATCH($B5,'DIVISION 15'!$A$11:$H$11,0),""),IFNA(MATCH($B5,'DIVISION 15'!$A$12:$H$12,0),""),IFNA(MATCH($B5,'DIVISION 15'!$A$13:$H$13,0),""),IFNA(MATCH($B5,'DIVISION 15'!$A$14:$H$14,0),""),IFNA(MATCH($B5,'DIVISION 15'!$A$15:$H$15,0),""),IFNA(MATCH($B5,'DIVISION 15'!$A$16:$H$16,0),""),IFNA(MATCH($B5,'DIVISION 15'!$A$17:$H$17,0),""),IFNA(MATCH($B5,'DIVISION 15'!$A$18:$H$18,0),""))=5,'DIVISION 15'!$E$1,SUM(IFNA(MATCH($B5,'DIVISION 15'!$A$2:$H$2,0),""),IFNA(MATCH($B5,'DIVISION 15'!$A$3:$H$3,0),""),IFNA(MATCH($B5,'DIVISION 15'!$A$4:$H$4,0),""),IFNA(MATCH($B5,'DIVISION 15'!$A$5:$H$5,0),""),IFNA(MATCH($B5,'DIVISION 15'!$A$6:$H$6,0),""),IFNA(MATCH($B5,'DIVISION 15'!$A$7:$H$7,0),""),IFNA(MATCH($B5,'DIVISION 15'!$A$8:$H$8,0),""),IFNA(MATCH($B5,'DIVISION 15'!$A$9:$H$9,0),""),IFNA(MATCH($B5,'DIVISION 15'!$A$10:$H$10,0),""),IFNA(MATCH($B5,'DIVISION 15'!$A$11:$H$11,0),""),IFNA(MATCH($B5,'DIVISION 15'!$A$12:$H$12,0),""),IFNA(MATCH($B5,'DIVISION 15'!$A$13:$H$13,0),""),IFNA(MATCH($B5,'DIVISION 15'!$A$14:$H$14,0),""),IFNA(MATCH($B5,'DIVISION 15'!$A$15:$H$15,0),""),IFNA(MATCH($B5,'DIVISION 15'!$A$16:$H$16,0),""),IFNA(MATCH($B5,'DIVISION 15'!$A$17:$H$17,0),""),IFNA(MATCH($B5,'DIVISION 15'!$A$18:$H$18,0),""))=6,'DIVISION 15'!$F$1,SUM(IFNA(MATCH($B5,'DIVISION 15'!$A$2:$H$2,0),""),IFNA(MATCH($B5,'DIVISION 15'!$A$3:$H$3,0),""),IFNA(MATCH($B5,'DIVISION 15'!$A$4:$H$4,0),""),IFNA(MATCH($B5,'DIVISION 15'!$A$5:$H$5,0),""),IFNA(MATCH($B5,'DIVISION 15'!$A$6:$H$6,0),""),IFNA(MATCH($B5,'DIVISION 15'!$A$7:$H$7,0),""),IFNA(MATCH($B5,'DIVISION 15'!$A$8:$H$8,0),""),IFNA(MATCH($B5,'DIVISION 15'!$A$9:$H$9,0),""),IFNA(MATCH($B5,'DIVISION 15'!$A$10:$H$10,0),""),IFNA(MATCH($B5,'DIVISION 15'!$A$11:$H$11,0),""),IFNA(MATCH($B5,'DIVISION 15'!$A$12:$H$12,0),""),IFNA(MATCH($B5,'DIVISION 15'!$A$13:$H$13,0),""),IFNA(MATCH($B5,'DIVISION 15'!$A$14:$H$14,0),""),IFNA(MATCH($B5,'DIVISION 15'!$A$15:$H$15,0),""),IFNA(MATCH($B5,'DIVISION 15'!$A$16:$H$16,0),""),IFNA(MATCH($B5,'DIVISION 15'!$A$17:$H$17,0),""),IFNA(MATCH($B5,'DIVISION 15'!$A$18:$H$18,0),""))=7,'DIVISION 15'!$G$1,SUM(IFNA(MATCH($B5,'DIVISION 15'!$A$2:$H$2,0),""),IFNA(MATCH($B5,'DIVISION 15'!$A$3:$H$3,0),""),IFNA(MATCH($B5,'DIVISION 15'!$A$4:$H$4,0),""),IFNA(MATCH($B5,'DIVISION 15'!$A$5:$H$5,0),""),IFNA(MATCH($B5,'DIVISION 15'!$A$6:$H$6,0),""),IFNA(MATCH($B5,'DIVISION 15'!$A$7:$H$7,0),""),IFNA(MATCH($B5,'DIVISION 15'!$A$8:$H$8,0),""),IFNA(MATCH($B5,'DIVISION 15'!$A$9:$H$9,0),""),IFNA(MATCH($B5,'DIVISION 15'!$A$10:$H$10,0),""),IFNA(MATCH($B5,'DIVISION 15'!$A$11:$H$11,0),""),IFNA(MATCH($B5,'DIVISION 15'!$A$12:$H$12,0),""),IFNA(MATCH($B5,'DIVISION 15'!$A$13:$H$13,0),""),IFNA(MATCH($B5,'DIVISION 15'!$A$14:$H$14,0),""),IFNA(MATCH($B5,'DIVISION 15'!$A$15:$H$15,0),""),IFNA(MATCH($B5,'DIVISION 15'!$A$16:$H$16,0),""),IFNA(MATCH($B5,'DIVISION 15'!$A$17:$H$17,0),""),IFNA(MATCH($B5,'DIVISION 15'!$A$18:$H$18,0),""))=8,'DIVISION 15'!$H$1) -> DAIU | U5: =T5&COUNTIF($T$1:T5,T5) -> DAIU1 | V5: =SUMIF(AsistenciaViewJetAdmin!$A$3:$A$101,A5,AsistenciaViewJetAdmin!$C$3:$C$101)/(COUNTIF(AsistenciaViewJetAdmin!$D$102:V$102,">0")+COUNTIF(ActividadesEspeciales!$D$102:V$102,">0"))*100 -> 71.808511
A6: 100 | B6: Tomas Gameroff | C6: 994503 | D6: 17/12/09 | E6: 49960126 | F6: tomigameroff@gmail.com | G6: 1132391205 | H6: Nancy Buschenbaum | I6: nbuschenbaum@gmail.com | J6: 115-626-2121 | K6: Diego Gameroff | L6: gameroffdiego@gmail.com | M6: 114-992-3061 | N6: Ort | O6: Madrij | P6: Futbol Padel | Q6: Jashibut | R6: Sin restricciones | S6: NARANJA | T6: =IFS(SUM(IFNA(MATCH($B6,'DIVISION 15'!$A$2:$H$2,0),""),IFNA(MATCH($B6,'DIVISION 15'!$A$3:$H$3,0),""),IFNA(MATCH($B6,'DIVISION 15'!$A$4:$H$4,0),""),IFNA(MATCH($B6,'DIVISION 15'!$A$5:$H$5,0),""),IFNA(MATCH($B6,'DIVISION 15'!$A$6:$H$6,0),""),IFNA(MATCH($B6,'DIVISION 15'!$A$7:$H$7,0),""),IFNA(MATCH($B6,'DIVISION 15'!$A$8:$H$8,0),""),IFNA(MATCH($B6,'DIVISION 15'!$A$9:$H$9,0),""),IFNA(MATCH($B6,'DIVISION 15'!$A$10:$H$10,0),""),IFNA(MATCH($B6,'DIVISION 15'!$A$11:$H$11,0),""),IFNA(MATCH($B6,'DIVISION 15'!$A$12:$H$12,0),""),IFNA(MATCH($B6,'DIVISION 15'!$A$13:$H$13,0),""),IFNA(MATCH($B6,'DIVISION 15'!$A$14:$H$14,0),""),IFNA(MATCH($B6,'DIVISION 15'!$A$15:$H$15,0),""),IFNA(MATCH($B6,'DIVISION 15'!$A$16:$H$16,0),""),IFNA(MATCH($B6,'DIVISION 15'!$A$17:$H$17,0),""),IFNA(MATCH($B6,'DIVISION 15'!$A$18:$H$18,0),""))=1,'DIVISION 15'!$A$1,SUM(IFNA(MATCH($B6,'DIVISION 15'!$A$2:$H$2,0),""),IFNA(MATCH($B6,'DIVISION 15'!$A$3:$H$3,0),""),IFNA(MATCH($B6,'DIVISION 15'!$A$4:$H$4,0),""),IFNA(MATCH($B6,'DIVISION 15'!$A$5:$H$5,0),""),IFNA(MATCH($B6,'DIVISION 15'!$A$6:$H$6,0),""),IFNA(MATCH($B6,'DIVISION 15'!$A$7:$H$7,0),""),IFNA(MATCH($B6,'DIVISION 15'!$A$8:$H$8,0),""),IFNA(MATCH($B6,'DIVISION 15'!$A$9:$H$9,0),""),IFNA(MATCH($B6,'DIVISION 15'!$A$10:$H$10,0),""),IFNA(MATCH($B6,'DIVISION 15'!$A$11:$H$11,0),""),IFNA(MATCH($B6,'DIVISION 15'!$A$12:$H$12,0),""),IFNA(MATCH($B6,'DIVISION 15'!$A$13:$H$13,0),""),IFNA(MATCH($B6,'DIVISION 15'!$A$14:$H$14,0),""),IFNA(MATCH($B6,'DIVISION 15'!$A$15:$H$15,0),""),IFNA(MATCH($B6,'DIVISION 15'!$A$16:$H$16,0),""),IFNA(MATCH($B6,'DIVISION 15'!$A$17:$H$17,0),""),IFNA(MATCH($B6,'DIVISION 15'!$A$18:$H$18,0),""))=2,'DIVISION 15'!$B$1,SUM(IFNA(MATCH($B6,'DIVISION 15'!$A$2:$H$2,0),""),IFNA(MATCH($B6,'DIVISION 15'!$A$3:$H$3,0),""),IFNA(MATCH($B6,'DIVISION 15'!$A$4:$H$4,0),""),IFNA(MATCH($B6,'DIVISION 15'!$A$5:$H$5,0),""),IFNA(MATCH($B6,'DIVISION 15'!$A$6:$H$6,0),""),IFNA(MATCH($B6,'DIVISION 15'!$A$7:$H$7,0),""),IFNA(MATCH($B6,'DIVISION 15'!$A$8:$H$8,0),""),IFNA(MATCH($B6,'DIVISION 15'!$A$9:$H$9,0),""),IFNA(MATCH($B6,'DIVISION 15'!$A$10:$H$10,0),""),IFNA(MATCH($B6,'DIVISION 15'!$A$11:$H$11,0),""),IFNA(MATCH($B6,'DIVISION 15'!$A$12:$H$12,0),""),IFNA(MATCH($B6,'DIVISION 15'!$A$13:$H$13,0),""),IFNA(MATCH($B6,'DIVISION 15'!$A$14:$H$14,0),""),IFNA(MATCH($B6,'DIVISION 15'!$A$15:$H$15,0),""),IFNA(MATCH($B6,'DIVISION 15'!$A$16:$H$16,0),""),IFNA(MATCH($B6,'DIVISION 15'!$A$17:$H$17,0),""),IFNA(MATCH($B6,'DIVISION 15'!$A$18:$H$18,0),""))=3,'DIVISION 15'!$C$1,SUM(IFNA(MATCH($B6,'DIVISION 15'!$A$2:$H$2,0),""),IFNA(MATCH($B6,'DIVISION 15'!$A$3:$H$3,0),""),IFNA(MATCH($B6,'DIVISION 15'!$A$4:$H$4,0),""),IFNA(MATCH($B6,'DIVISION 15'!$A$5:$H$5,0),""),IFNA(MATCH($B6,'DIVISION 15'!$A$6:$H$6,0),""),IFNA(MATCH($B6,'DIVISION 15'!$A$7:$H$7,0),""),IFNA(MATCH($B6,'DIVISION 15'!$A$8:$H$8,0),""),IFNA(MATCH($B6,'DIVISION 15'!$A$9:$H$9,0),""),IFNA(MATCH($B6,'DIVISION 15'!$A$10:$H$10,0),""),IFNA(MATCH($B6,'DIVISION 15'!$A$11:$H$11,0),""),IFNA(MATCH($B6,'DIVISION 15'!$A$12:$H$12,0),""),IFNA(MATCH($B6,'DIVISION 15'!$A$13:$H$13,0),""),IFNA(MATCH($B6,'DIVISION 15'!$A$14:$H$14,0),""),IFNA(MATCH($B6,'DIVISION 15'!$A$15:$H$15,0),""),IFNA(MATCH($B6,'DIVISION 15'!$A$16:$H$16,0),""),IFNA(MATCH($B6,'DIVISION 15'!$A$17:$H$17,0),""),IFNA(MATCH($B6,'DIVISION 15'!$A$18:$H$18,0),""))=4,'DIVISION 15'!$D$1,SUM(IFNA(MATCH($B6,'DIVISION 15'!$A$2:$H$2,0),""),IFNA(MATCH($B6,'DIVISION 15'!$A$3:$H$3,0),""),IFNA(MATCH($B6,'DIVISION 15'!$A$4:$H$4,0),""),IFNA(MATCH($B6,'DIVISION 15'!$A$5:$H$5,0),""),IFNA(MATCH($B6,'DIVISION 15'!$A$6:$H$6,0),""),IFNA(MATCH($B6,'DIVISION 15'!$A$7:$H$7,0),""),IFNA(MATCH($B6,'DIVISION 15'!$A$8:$H$8,0),""),IFNA(MATCH($B6,'DIVISION 15'!$A$9:$H$9,0),""),IFNA(MATCH($B6,'DIVISION 15'!$A$10:$H$10,0),""),IFNA(MATCH($B6,'DIVISION 15'!$A$11:$H$11,0),""),IFNA(MATCH($B6,'DIVISION 15'!$A$12:$H$12,0),""),IFNA(MATCH($B6,'DIVISION 15'!$A$13:$H$13,0),""),IFNA(MATCH($B6,'DIVISION 15'!$A$14:$H$14,0),""),IFNA(MATCH($B6,'DIVISION 15'!$A$15:$H$15,0),""),IFNA(MATCH($B6,'DIVISION 15'!$A$16:$H$16,0),""),IFNA(MATCH($B6,'DIVISION 15'!$A$17:$H$17,0),""),IFNA(MATCH($B6,'DIVISION 15'!$A$18:$H$18,0),""))=5,'DIVISION 15'!$E$1,SUM(IFNA(MATCH($B6,'DIVISION 15'!$A$2:$H$2,0),""),IFNA(MATCH($B6,'DIVISION 15'!$A$3:$H$3,0),""),IFNA(MATCH($B6,'DIVISION 15'!$A$4:$H$4,0),""),IFNA(MATCH($B6,'DIVISION 15'!$A$5:$H$5,0),""),IFNA(MATCH($B6,'DIVISION 15'!$A$6:$H$6,0),""),IFNA(MATCH($B6,'DIVISION 15'!$A$7:$H$7,0),""),IFNA(MATCH($B6,'DIVISION 15'!$A$8:$H$8,0),""),IFNA(MATCH($B6,'DIVISION 15'!$A$9:$H$9,0),""),IFNA(MATCH($B6,'DIVISION 15'!$A$10:$H$10,0),""),IFNA(MATCH($B6,'DIVISION 15'!$A$11:$H$11,0),""),IFNA(MATCH($B6,'DIVISION 15'!$A$12:$H$12,0),""),IFNA(MATCH($B6,'DIVISION 15'!$A$13:$H$13,0),""),IFNA(MATCH($B6,'DIVISION 15'!$A$14:$H$14,0),""),IFNA(MATCH($B6,'DIVISION 15'!$A$15:$H$15,0),""),IFNA(MATCH($B6,'DIVISION 15'!$A$16:$H$16,0),""),IFNA(MATCH($B6,'DIVISION 15'!$A$17:$H$17,0),""),IFNA(MATCH($B6,'DIVISION 15'!$A$18:$H$18,0),""))=6,'DIVISION 15'!$F$1,SUM(IFNA(MATCH($B6,'DIVISION 15'!$A$2:$H$2,0),""),IFNA(MATCH($B6,'DIVISION 15'!$A$3:$H$3,0),""),IFNA(MATCH($B6,'DIVISION 15'!$A$4:$H$4,0),""),IFNA(MATCH($B6,'DIVISION 15'!$A$5:$H$5,0),""),IFNA(MATCH($B6,'DIVISION 15'!$A$6:$H$6,0),""),IFNA(MATCH($B6,'DIVISION 15'!$A$7:$H$7,0),""),IFNA(MATCH($B6,'DIVISION 15'!$A$8:$H$8,0),""),IFNA(MATCH($B6,'DIVISION 15'!$A$9:$H$9,0),""),IFNA(MATCH($B6,'DIVISION 15'!$A$10:$H$10,0),""),IFNA(MATCH($B6,'DIVISION 15'!$A$11:$H$11,0),""),IFNA(MATCH($B6,'DIVISION 15'!$A$12:$H$12,0),""),IFNA(MATCH($B6,'DIVISION 15'!$A$13:$H$13,0),""),IFNA(MATCH($B6,'DIVISION 15'!$A$14:$H$14,0),""),IFNA(MATCH($B6,'DIVISION 15'!$A$15:$H$15,0),""),IFNA(MATCH($B6,'DIVISION 15'!$A$16:$H$16,0),""),IFNA(MATCH($B6,'DIVISION 15'!$A$17:$H$17,0),""),IFNA(MATCH($B6,'DIVISION 15'!$A$18:$H$18,0),""))=7,'DIVISION 15'!$G$1,SUM(IFNA(MATCH($B6,'DIVISION 15'!$A$2:$H$2,0),""),IFNA(MATCH($B6,'DIVISION 15'!$A$3:$H$3,0),""),IFNA(MATCH($B6,'DIVISION 15'!$A$4:$H$4,0),""),IFNA(MATCH($B6,'DIVISION 15'!$A$5:$H$5,0),""),IFNA(MATCH($B6,'DIVISION 15'!$A$6:$H$6,0),""),IFNA(MATCH($B6,'DIVISION 15'!$A$7:$H$7,0),""),IFNA(MATCH($B6,'DIVISION 15'!$A$8:$H$8,0),""),IFNA(MATCH($B6,'DIVISION 15'!$A$9:$H$9,0),""),IFNA(MATCH($B6,'DIVISION 15'!$A$10:$H$10,0),""),IFNA(MATCH($B6,'DIVISION 15'!$A$11:$H$11,0),""),IFNA(MATCH($B6,'DIVISION 15'!$A$12:$H$12,0),""),IFNA(MATCH($B6,'DIVISION 15'!$A$13:$H$13,0),""),IFNA(MATCH($B6,'DIVISION 15'!$A$14:$H$14,0),""),IFNA(MATCH($B6,'DIVISION 15'!$A$15:$H$15,0),""),IFNA(MATCH($B6,'DIVISION 15'!$A$16:$H$16,0),""),IFNA(MATCH($B6,'DIVISION 15'!$A$17:$H$17,0),""),IFNA(MATCH($B6,'DIVISION 15'!$A$18:$H$18,0),""))=8,'DIVISION 15'!$H$1) -> GONZI | U6: =T6&COUNTIF($T$1:T6,T6) -> GONZI1 | V6: =SUMIF(AsistenciaViewJetAdmin!$A$3:$A$101,A6,AsistenciaViewJetAdmin!$C$3:$C$101)/(COUNTIF(AsistenciaViewJetAdmin!$D$102:V$102,">0")+COUNTIF(ActividadesEspeciales!$D$102:V$102,">0"))*100 -> 66.489362
A7: 127 | B7: Tomas Alma | C7: 1083800 | D7: 29/01/2010 | E7: 49982841 | F7: tomasmarcosalma@gmail.com | G7: 68727061 | H7: Karen nakache | I7: turkita@gmail.com | J7: 11 6280-5331 | K7: Mariano alma | L7: marianoalma@hotmail.com | M7: +54 9 11 5762-2480 | N7: Wolfsohn | O7: Mondon sofi alma | P7: Tenis | Q7: Nedarim | R7: Kosher | S7: AZUL | T7: =IFS(SUM(IFNA(MATCH($B7,'DIVISION 15'!$A$2:$H$2,0),""),IFNA(MATCH($B7,'DIVISION 15'!$A$3:$H$3,0),""),IFNA(MATCH($B7,'DIVISION 15'!$A$4:$H$4,0),""),IFNA(MATCH($B7,'DIVISION 15'!$A$5:$H$5,0),""),IFNA(MATCH($B7,'DIVISION 15'!$A$6:$H$6,0),""),IFNA(MATCH($B7,'DIVISION 15'!$A$7:$H$7,0),""),IFNA(MATCH($B7,'DIVISION 15'!$A$8:$H$8,0),""),IFNA(MATCH($B7,'DIVISION 15'!$A$9:$H$9,0),""),IFNA(MATCH($B7,'DIVISION 15'!$A$10:$H$10,0),""),IFNA(MATCH($B7,'DIVISION 15'!$A$11:$H$11,0),""),IFNA(MATCH($B7,'DIVISION 15'!$A$12:$H$12,0),""),IFNA(MATCH($B7,'DIVISION 15'!$A$13:$H$13,0),""),IFNA(MATCH($B7,'DIVISION 15'!$A$14:$H$14,0),""),IFNA(MATCH($B7,'DIVISION 15'!$A$15:$H$15,0),""),IFNA(MATCH($B7,'DIVISION 15'!$A$16:$H$16,0),""),IFNA(MATCH($B7,'DIVISION 15'!$A$17:$H$17,0),""),IFNA(MATCH($B7,'DIVISION 15'!$A$18:$H$18,0),""))=1,'DIVISION 15'!$A$1,SUM(IFNA(MATCH($B7,'DIVISION 15'!$A$2:$H$2,0),""),IFNA(MATCH($B7,'DIVISION 15'!$A$3:$H$3,0),""),IFNA(MATCH($B7,'DIVISION 15'!$A$4:$H$4,0),""),IFNA(MATCH($B7,'DIVISION 15'!$A$5:$H$5,0),""),IFNA(MATCH($B7,'DIVISION 15'!$A$6:$H$6,0),""),IFNA(MATCH($B7,'DIVISION 15'!$A$7:$H$7,0),""),IFNA(MATCH($B7,'DIVISION 15'!$A$8:$H$8,0),""),IFNA(MATCH($B7,'DIVISION 15'!$A$9:$H$9,0),""),IFNA(MATCH($B7,'DIVISION 15'!$A$10:$H$10,0),""),IFNA(MATCH($B7,'DIVISION 15'!$A$11:$H$11,0),""),IFNA(MATCH($B7,'DIVISION 15'!$A$12:$H$12,0),""),IFNA(MATCH($B7,'DIVISION 15'!$A$13:$H$13,0),""),IFNA(MATCH($B7,'DIVISION 15'!$A$14:$H$14,0),""),IFNA(MATCH($B7,'DIVISION 15'!$A$15:$H$15,0),""),IFNA(MATCH($B7,'DIVISION 15'!$A$16:$H$16,0),""),IFNA(MATCH($B7,'DIVISION 15'!$A$17:$H$17,0),""),IFNA(MATCH($B7,'DIVISION 15'!$A$18:$H$18,0),""))=2,'DIVISION 15'!$B$1,SUM(IFNA(MATCH($B7,'DIVISION 15'!$A$2:$H$2,0),""),IFNA(MATCH($B7,'DIVISION 15'!$A$3:$H$3,0),""),IFNA(MATCH($B7,'DIVISION 15'!$A$4:$H$4,0),""),IFNA(MATCH($B7,'DIVISION 15'!$A$5:$H$5,0),""),IFNA(MATCH($B7,'DIVISION 15'!$A$6:$H$6,0),""),IFNA(MATCH($B7,'DIVISION 15'!$A$7:$H$7,0),""),IFNA(MATCH($B7,'DIVISION 15'!$A$8:$H$8,0),""),IFNA(MATCH($B7,'DIVISION 15'!$A$9:$H$9,0),""),IFNA(MATCH($B7,'DIVISION 15'!$A$10:$H$10,0),""),IFNA(MATCH($B7,'DIVISION 15'!$A$11:$H$11,0),""),IFNA(MATCH($B7,'DIVISION 15'!$A$12:$H$12,0),""),IFNA(MATCH($B7,'DIVISION 15'!$A$13:$H$13,0),""),IFNA(MATCH($B7,'DIVISION 15'!$A$14:$H$14,0),""),IFNA(MATCH($B7,'DIVISION 15'!$A$15:$H$15,0),""),IFNA(MATCH($B7,'DIVISION 15'!$A$16:$H$16,0),""),IFNA(MATCH($B7,'DIVISION 15'!$A$17:$H$17,0),""),IFNA(MATCH($B7,'DIVISION 15'!$A$18:$H$18,0),""))=3,'DIVISION 15'!$C$1,SUM(IFNA(MATCH($B7,'DIVISION 15'!$A$2:$H$2,0),""),IFNA(MATCH($B7,'DIVISION 15'!$A$3:$H$3,0),""),IFNA(MATCH($B7,'DIVISION 15'!$A$4:$H$4,0),""),IFNA(MATCH($B7,'DIVISION 15'!$A$5:$H$5,0),""),IFNA(MATCH($B7,'DIVISION 15'!$A$6:$H$6,0),""),IFNA(MATCH($B7,'DIVISION 15'!$A$7:$H$7,0),""),IFNA(MATCH($B7,'DIVISION 15'!$A$8:$H$8,0),""),IFNA(MATCH($B7,'DIVISION 15'!$A$9:$H$9,0),""),IFNA(MATCH($B7,'DIVISION 15'!$A$10:$H$10,0),""),IFNA(MATCH($B7,'DIVISION 15'!$A$11:$H$11,0),""),IFNA(MATCH($B7,'DIVISION 15'!$A$12:$H$12,0),""),IFNA(MATCH($B7,'DIVISION 15'!$A$13:$H$13,0),""),IFNA(MATCH($B7,'DIVISION 15'!$A$14:$H$14,0),""),IFNA(MATCH($B7,'DIVISION 15'!$A$15:$H$15,0),""),IFNA(MATCH($B7,'DIVISION 15'!$A$16:$H$16,0),""),IFNA(MATCH($B7,'DIVISION 15'!$A$17:$H$17,0),""),IFNA(MATCH($B7,'DIVISION 15'!$A$18:$H$18,0),""))=4,'DIVISION 15'!$D$1,SUM(IFNA(MATCH($B7,'DIVISION 15'!$A$2:$H$2,0),""),IFNA(MATCH($B7,'DIVISION 15'!$A$3:$H$3,0),""),IFNA(MATCH($B7,'DIVISION 15'!$A$4:$H$4,0),""),IFNA(MATCH($B7,'DIVISION 15'!$A$5:$H$5,0),""),IFNA(MATCH($B7,'DIVISION 15'!$A$6:$H$6,0),""),IFNA(MATCH($B7,'DIVISION 15'!$A$7:$H$7,0),""),IFNA(MATCH($B7,'DIVISION 15'!$A$8:$H$8,0),""),IFNA(MATCH($B7,'DIVISION 15'!$A$9:$H$9,0),""),IFNA(MATCH($B7,'DIVISION 15'!$A$10:$H$10,0),""),IFNA(MATCH($B7,'DIVISION 15'!$A$11:$H$11,0),""),IFNA(MATCH($B7,'DIVISION 15'!$A$12:$H$12,0),""),IFNA(MATCH($B7,'DIVISION 15'!$A$13:$H$13,0),""),IFNA(MATCH($B7,'DIVISION 15'!$A$14:$H$14,0),""),IFNA(MATCH($B7,'DIVISION 15'!$A$15:$H$15,0),""),IFNA(MATCH($B7,'DIVISION 15'!$A$16:$H$16,0),""),IFNA(MATCH($B7,'DIVISION 15'!$A$17:$H$17,0),""),IFNA(MATCH($B7,'DIVISION 15'!$A$18:$H$18,0),""))=5,'DIVISION 15'!$E$1,SUM(IFNA(MATCH($B7,'DIVISION 15'!$A$2:$H$2,0),""),IFNA(MATCH($B7,'DIVISION 15'!$A$3:$H$3,0),""),IFNA(MATCH($B7,'DIVISION 15'!$A$4:$H$4,0),""),IFNA(MATCH($B7,'DIVISION 15'!$A$5:$H$5,0),""),IFNA(MATCH($B7,'DIVISION 15'!$A$6:$H$6,0),""),IFNA(MATCH($B7,'DIVISION 15'!$A$7:$H$7,0),""),IFNA(MATCH($B7,'DIVISION 15'!$A$8:$H$8,0),""),IFNA(MATCH($B7,'DIVISION 15'!$A$9:$H$9,0),""),IFNA(MATCH($B7,'DIVISION 15'!$A$10:$H$10,0),""),IFNA(MATCH($B7,'DIVISION 15'!$A$11:$H$11,0),""),IFNA(MATCH($B7,'DIVISION 15'!$A$12:$H$12,0),""),IFNA(MATCH($B7,'DIVISION 15'!$A$13:$H$13,0),""),IFNA(MATCH($B7,'DIVISION 15'!$A$14:$H$14,0),""),IFNA(MATCH($B7,'DIVISION 15'!$A$15:$H$15,0),""),IFNA(MATCH($B7,'DIVISION 15'!$A$16:$H$16,0),""),IFNA(MATCH($B7,'DIVISION 15'!$A$17:$H$17,0),""),IFNA(MATCH($B7,'DIVISION 15'!$A$18:$H$18,0),""))=6,'DIVISION 15'!$F$1,SUM(IFNA(MATCH($B7,'DIVISION 15'!$A$2:$H$2,0),""),IFNA(MATCH($B7,'DIVISION 15'!$A$3:$H$3,0),""),IFNA(MATCH($B7,'DIVISION 15'!$A$4:$H$4,0),""),IFNA(MATCH($B7,'DIVISION 15'!$A$5:$H$5,0),""),IFNA(MATCH($B7,'DIVISION 15'!$A$6:$H$6,0),""),IFNA(MATCH($B7,'DIVISION 15'!$A$7:$H$7,0),""),IFNA(MATCH($B7,'DIVISION 15'!$A$8:$H$8,0),""),IFNA(MATCH($B7,'DIVISION 15'!$A$9:$H$9,0),""),IFNA(MATCH($B7,'DIVISION 15'!$A$10:$H$10,0),""),IFNA(MATCH($B7,'DIVISION 15'!$A$11:$H$11,0),""),IFNA(MATCH($B7,'DIVISION 15'!$A$12:$H$12,0),""),IFNA(MATCH($B7,'DIVISION 15'!$A$13:$H$13,0),""),IFNA(MATCH($B7,'DIVISION 15'!$A$14:$H$14,0),""),IFNA(MATCH($B7,'DIVISION 15'!$A$15:$H$15,0),""),IFNA(MATCH($B7,'DIVISION 15'!$A$16:$H$16,0),""),IFNA(MATCH($B7,'DIVISION 15'!$A$17:$H$17,0),""),IFNA(MATCH($B7,'DIVISION 15'!$A$18:$H$18,0),""))=7,'DIVISION 15'!$G$1,SUM(IFNA(MATCH($B7,'DIVISION 15'!$A$2:$H$2,0),""),IFNA(MATCH($B7,'DIVISION 15'!$A$3:$H$3,0),""),IFNA(MATCH($B7,'DIVISION 15'!$A$4:$H$4,0),""),IFNA(MATCH($B7,'DIVISION 15'!$A$5:$H$5,0),""),IFNA(MATCH($B7,'DIVISION 15'!$A$6:$H$6,0),""),IFNA(MATCH($B7,'DIVISION 15'!$A$7:$H$7,0),""),IFNA(MATCH($B7,'DIVISION 15'!$A$8:$H$8,0),""),IFNA(MATCH($B7,'DIVISION 15'!$A$9:$H$9,0),""),IFNA(MATCH($B7,'DIVISION 15'!$A$10:$H$10,0),""),IFNA(MATCH($B7,'DIVISION 15'!$A$11:$H$11,0),""),IFNA(MATCH($B7,'DIVISION 15'!$A$12:$H$12,0),""),IFNA(MATCH($B7,'DIVISION 15'!$A$13:$H$13,0),""),IFNA(MATCH($B7,'DIVISION 15'!$A$14:$H$14,0),""),IFNA(MATCH($B7,'DIVISION 15'!$A$15:$H$15,0),""),IFNA(MATCH($B7,'DIVISION 15'!$A$16:$H$16,0),""),IFNA(MATCH($B7,'DIVISION 15'!$A$17:$H$17,0),""),IFNA(MATCH($B7,'DIVISION 15'!$A$18:$H$18,0),""))=8,'DIVISION 15'!$H$1) -> MARTO | U7: =T7&COUNTIF($T$1:T7,T7) -> MARTO1 | V7: =SUMIF(AsistenciaViewJetAdmin!$A$3:$A$101,A7,AsistenciaViewJetAdmin!$C$3:$C$101)/(COUNTIF(AsistenciaViewJetAdmin!$D$102:V$102,">0")+COUNTIF(ActividadesEspeciales!$D$102:V$102,">0"))*100 -> 46.276596
A8: 218 | B8: Tobias Losicer | C8: 1098402 | D8: 40097 | E8: 49905586 | F8: tobiaslosicer@gmail.com | G8: 1125465099 | H8: Javier Losicer | I8: jlosicer@gmail.com | J8: 1157426573 | K8: Constanza Saul | L8: conisaul@gmail.com | M8: 1151758035 | N8: ORT ALMAGRO | O8: Bogrim Mayor | P8: no | Q8: Nedarim | R8: Sin restricciones | S8: AZUL | T8: =IFS(SUM(IFNA(MATCH($B8,'DIVISION 15'!$A$2:$H$2,0),""),IFNA(MATCH($B8,'DIVISION 15'!$A$3:$H$3,0),""),IFNA(MATCH($B8,'DIVISION 15'!$A$4:$H$4,0),""),IFNA(MATCH($B8,'DIVISION 15'!$A$5:$H$5,0),""),IFNA(MATCH($B8,'DIVISION 15'!$A$6:$H$6,0),""),IFNA(MATCH($B8,'DIVISION 15'!$A$7:$H$7,0),""),IFNA(MATCH($B8,'DIVISION 15'!$A$8:$H$8,0),""),IFNA(MATCH($B8,'DIVISION 15'!$A$9:$H$9,0),""),IFNA(MATCH($B8,'DIVISION 15'!$A$10:$H$10,0),""),IFNA(MATCH($B8,'DIVISION 15'!$A$11:$H$11,0),""),IFNA(MATCH($B8,'DIVISION 15'!$A$12:$H$12,0),""),IFNA(MATCH($B8,'DIVISION 15'!$A$13:$H$13,0),""),IFNA(MATCH($B8,'DIVISION 15'!$A$14:$H$14,0),""),IFNA(MATCH($B8,'DIVISION 15'!$A$15:$H$15,0),""),IFNA(MATCH($B8,'DIVISION 15'!$A$16:$H$16,0),""),IFNA(MATCH($B8,'DIVISION 15'!$A$17:$H$17,0),""),IFNA(MATCH($B8,'DIVISION 15'!$A$18:$H$18,0),""))=1,'DIVISION 15'!$A$1,SUM(IFNA(MATCH($B8,'DIVISION 15'!$A$2:$H$2,0),""),IFNA(MATCH($B8,'DIVISION 15'!$A$3:$H$3,0),""),IFNA(MATCH($B8,'DIVISION 15'!$A$4:$H$4,0),""),IFNA(MATCH($B8,'DIVISION 15'!$A$5:$H$5,0),""),IFNA(MATCH($B8,'DIVISION 15'!$A$6:$H$6,0),""),IFNA(MATCH($B8,'DIVISION 15'!$A$7:$H$7,0),""),IFNA(MATCH($B8,'DIVISION 15'!$A$8:$H$8,0),""),IFNA(MATCH($B8,'DIVISION 15'!$A$9:$H$9,0),""),IFNA(MATCH($B8,'DIVISION 15'!$A$10:$H$10,0),""),IFNA(MATCH($B8,'DIVISION 15'!$A$11:$H$11,0),""),IFNA(MATCH($B8,'DIVISION 15'!$A$12:$H$12,0),""),IFNA(MATCH($B8,'DIVISION 15'!$A$13:$H$13,0),""),IFNA(MATCH($B8,'DIVISION 15'!$A$14:$H$14,0),""),IFNA(MATCH($B8,'DIVISION 15'!$A$15:$H$15,0),""),IFNA(MATCH($B8,'DIVISION 15'!$A$16:$H$16,0),""),IFNA(MATCH($B8,'DIVISION 15'!$A$17:$H$17,0),""),IFNA(MATCH($B8,'DIVISION 15'!$A$18:$H$18,0),""))=2,'DIVISION 15'!$B$1,SUM(IFNA(MATCH($B8,'DIVISION 15'!$A$2:$H$2,0),""),IFNA(MATCH($B8,'DIVISION 15'!$A$3:$H$3,0),""),IFNA(MATCH($B8,'DIVISION 15'!$A$4:$H$4,0),""),IFNA(MATCH($B8,'DIVISION 15'!$A$5:$H$5,0),""),IFNA(MATCH($B8,'DIVISION 15'!$A$6:$H$6,0),""),IFNA(MATCH($B8,'DIVISION 15'!$A$7:$H$7,0),""),IFNA(MATCH($B8,'DIVISION 15'!$A$8:$H$8,0),""),IFNA(MATCH($B8,'DIVISION 15'!$A$9:$H$9,0),""),IFNA(MATCH($B8,'DIVISION 15'!$A$10:$H$10,0),""),IFNA(MATCH($B8,'DIVISION 15'!$A$11:$H$11,0),""),IFNA(MATCH($B8,'DIVISION 15'!$A$12:$H$12,0),""),IFNA(MATCH($B8,'DIVISION 15'!$A$13:$H$13,0),""),IFNA(MATCH($B8,'DIVISION 15'!$A$14:$H$14,0),""),IFNA(MATCH($B8,'DIVISION 15'!$A$15:$H$15,0),""),IFNA(MATCH($B8,'DIVISION 15'!$A$16:$H$16,0),""),IFNA(MATCH($B8,'DIVISION 15'!$A$17:$H$17,0),""),IFNA(MATCH($B8,'DIVISION 15'!$A$18:$H$18,0),""))=3,'DIVISION 15'!$C$1,SUM(IFNA(MATCH($B8,'DIVISION 15'!$A$2:$H$2,0),""),IFNA(MATCH($B8,'DIVISION 15'!$A$3:$H$3,0),""),IFNA(MATCH($B8,'DIVISION 15'!$A$4:$H$4,0),""),IFNA(MATCH($B8,'DIVISION 15'!$A$5:$H$5,0),""),IFNA(MATCH($B8,'DIVISION 15'!$A$6:$H$6,0),""),IFNA(MATCH($B8,'DIVISION 15'!$A$7:$H$7,0),""),IFNA(MATCH($B8,'DIVISION 15'!$A$8:$H$8,0),""),IFNA(MATCH($B8,'DIVISION 15'!$A$9:$H$9,0),""),IFNA(MATCH($B8,'DIVISION 15'!$A$10:$H$10,0),""),IFNA(MATCH($B8,'DIVISION 15'!$A$11:$H$11,0),""),IFNA(MATCH($B8,'DIVISION 15'!$A$12:$H$12,0),""),IFNA(MATCH($B8,'DIVISION 15'!$A$13:$H$13,0),""),IFNA(MATCH($B8,'DIVISION 15'!$A$14:$H$14,0),""),IFNA(MATCH($B8,'DIVISION 15'!$A$15:$H$15,0),""),IFNA(MATCH($B8,'DIVISION 15'!$A$16:$H$16,0),""),IFNA(MATCH($B8,'DIVISION 15'!$A$17:$H$17,0),""),IFNA(MATCH($B8,'DIVISION 15'!$A$18:$H$18,0),""))=4,'DIVISION 15'!$D$1,SUM(IFNA(MATCH($B8,'DIVISION 15'!$A$2:$H$2,0),""),IFNA(MATCH($B8,'DIVISION 15'!$A$3:$H$3,0),""),IFNA(MATCH($B8,'DIVISION 15'!$A$4:$H$4,0),""),IFNA(MATCH($B8,'DIVISION 15'!$A$5:$H$5,0),""),IFNA(MATCH($B8,'DIVISION 15'!$A$6:$H$6,0),""),IFNA(MATCH($B8,'DIVISION 15'!$A$7:$H$7,0),""),IFNA(MATCH($B8,'DIVISION 15'!$A$8:$H$8,0),""),IFNA(MATCH($B8,'DIVISION 15'!$A$9:$H$9,0),""),IFNA(MATCH($B8,'DIVISION 15'!$A$10:$H$10,0),""),IFNA(MATCH($B8,'DIVISION 15'!$A$11:$H$11,0),""),IFNA(MATCH($B8,'DIVISION 15'!$A$12:$H$12,0),""),IFNA(MATCH($B8,'DIVISION 15'!$A$13:$H$13,0),""),IFNA(MATCH($B8,'DIVISION 15'!$A$14:$H$14,0),""),IFNA(MATCH($B8,'DIVISION 15'!$A$15:$H$15,0),""),IFNA(MATCH($B8,'DIVISION 15'!$A$16:$H$16,0),""),IFNA(MATCH($B8,'DIVISION 15'!$A$17:$H$17,0),""),IFNA(MATCH($B8,'DIVISION 15'!$A$18:$H$18,0),""))=5,'DIVISION 15'!$E$1,SUM(IFNA(MATCH($B8,'DIVISION 15'!$A$2:$H$2,0),""),IFNA(MATCH($B8,'DIVISION 15'!$A$3:$H$3,0),""),IFNA(MATCH($B8,'DIVISION 15'!$A$4:$H$4,0),""),IFNA(MATCH($B8,'DIVISION 15'!$A$5:$H$5,0),""),IFNA(MATCH($B8,'DIVISION 15'!$A$6:$H$6,0),""),IFNA(MATCH($B8,'DIVISION 15'!$A$7:$H$7,0),""),IFNA(MATCH($B8,'DIVISION 15'!$A$8:$H$8,0),""),IFNA(MATCH($B8,'DIVISION 15'!$A$9:$H$9,0),""),IFNA(MATCH($B8,'DIVISION 15'!$A$10:$H$10,0),""),IFNA(MATCH($B8,'DIVISION 15'!$A$11:$H$11,0),""),IFNA(MATCH($B8,'DIVISION 15'!$A$12:$H$12,0),""),IFNA(MATCH($B8,'DIVISION 15'!$A$13:$H$13,0),""),IFNA(MATCH($B8,'DIVISION 15'!$A$14:$H$14,0),""),IFNA(MATCH($B8,'DIVISION 15'!$A$15:$H$15,0),""),IFNA(MATCH($B8,'DIVISION 15'!$A$16:$H$16,0),""),IFNA(MATCH($B8,'DIVISION 15'!$A$17:$H$17,0),""),IFNA(MATCH($B8,'DIVISION 15'!$A$18:$H$18,0),""))=6,'DIVISION 15'!$F$1,SUM(IFNA(MATCH($B8,'DIVISION 15'!$A$2:$H$2,0),""),IFNA(MATCH($B8,'DIVISION 15'!$A$3:$H$3,0),""),IFNA(MATCH($B8,'DIVISION 15'!$A$4:$H$4,0),""),IFNA(MATCH($B8,'DIVISION 15'!$A$5:$H$5,0),""),IFNA(MATCH($B8,'DIVISION 15'!$A$6:$H$6,0),""),IFNA(MATCH($B8,'DIVISION 15'!$A$7:$H$7,0),""),IFNA(MATCH($B8,'DIVISION 15'!$A$8:$H$8,0),""),IFNA(MATCH($B8,'DIVISION 15'!$A$9:$H$9,0),""),IFNA(MATCH($B8,'DIVISION 15'!$A$10:$H$10,0),""),IFNA(MATCH($B8,'DIVISION 15'!$A$11:$H$11,0),""),IFNA(MATCH($B8,'DIVISION 15'!$A$12:$H$12,0),""),IFNA(MATCH($B8,'DIVISION 15'!$A$13:$H$13,0),""),IFNA(MATCH($B8,'DIVISION 15'!$A$14:$H$14,0),""),IFNA(MATCH($B8,'DIVISION 15'!$A$15:$H$15,0),""),IFNA(MATCH($B8,'DIVISION 15'!$A$16:$H$16,0),""),IFNA(MATCH($B8,'DIVISION 15'!$A$17:$H$17,0),""),IFNA(MATCH($B8,'DIVISION 15'!$A$18:$H$18,0),""))=7,'DIVISION 15'!$G$1,SUM(IFNA(MATCH($B8,'DIVISION 15'!$A$2:$H$2,0),""),IFNA(MATCH($B8,'DIVISION 15'!$A$3:$H$3,0),""),IFNA(MATCH($B8,'DIVISION 15'!$A$4:$H$4,0),""),IFNA(MATCH($B8,'DIVISION 15'!$A$5:$H$5,0),""),IFNA(MATCH($B8,'DIVISION 15'!$A$6:$H$6,0),""),IFNA(MATCH($B8,'DIVISION 15'!$A$7:$H$7,0),""),IFNA(MATCH($B8,'DIVISION 15'!$A$8:$H$8,0),""),IFNA(MATCH($B8,'DIVISION 15'!$A$9:$H$9,0),""),IFNA(MATCH($B8,'DIVISION 15'!$A$10:$H$10,0),""),IFNA(MATCH($B8,'DIVISION 15'!$A$11:$H$11,0),""),IFNA(MATCH($B8,'DIVISION 15'!$A$12:$H$12,0),""),IFNA(MATCH($B8,'DIVISION 15'!$A$13:$H$13,0),""),IFNA(MATCH($B8,'DIVISION 15'!$A$14:$H$14,0),""),IFNA(MATCH($B8,'DIVISION 15'!$A$15:$H$15,0),""),IFNA(MATCH($B8,'DIVISION 15'!$A$16:$H$16,0),""),IFNA(MATCH($B8,'DIVISION 15'!$A$17:$H$17,0),""),IFNA(MATCH($B8,'DIVISION 15'!$A$18:$H$18,0),""))=8,'DIVISION 15'!$H$1) -> MARTO | U8: =T8&COUNTIF($T$1:T8,T8) -> MARTO2 | V8: =SUMIF(AsistenciaViewJetAdmin!$A$3:$A$101,A8,AsistenciaViewJetAdmin!$C$3:$C$101)/(COUNTIF(AsistenciaViewJetAdmin!$D$102:V$102,">0")+COUNTIF(ActividadesEspeciales!$D$102:V$102,">0"))*100 -> 71.808511
A9: 150 | B9: Tobias Karpeliowski | C9: 11901 | D9: 26/10/2009 | E9: 49926649 | F9: ycreiener@ort.edu.ar | G9: 1170037804 | H9: yanina creiner | I9: ycreiner@ort.edu.ar | J9: 1168668577 | K9: laureano karpeliowski | L9: crtiter1@hotmail.com | M9: 1149974001 | N9: ort | O9: no | P9: futbol | Q9: Nedarim | R9: Sin restricciones | S9: NARANJA | T9: =IFS(SUM(IFNA(MATCH($B9,'DIVISION 15'!$A$2:$H$2,0),""),IFNA(MATCH($B9,'DIVISION 15'!$A$3:$H$3,0),""),IFNA(MATCH($B9,'DIVISION 15'!$A$4:$H$4,0),""),IFNA(MATCH($B9,'DIVISION 15'!$A$5:$H$5,0),""),IFNA(MATCH($B9,'DIVISION 15'!$A$6:$H$6,0),""),IFNA(MATCH($B9,'DIVISION 15'!$A$7:$H$7,0),""),IFNA(MATCH($B9,'DIVISION 15'!$A$8:$H$8,0),""),IFNA(MATCH($B9,'DIVISION 15'!$A$9:$H$9,0),""),IFNA(MATCH($B9,'DIVISION 15'!$A$10:$H$10,0),""),IFNA(MATCH($B9,'DIVISION 15'!$A$11:$H$11,0),""),IFNA(MATCH($B9,'DIVISION 15'!$A$12:$H$12,0),""),IFNA(MATCH($B9,'DIVISION 15'!$A$13:$H$13,0),""),IFNA(MATCH($B9,'DIVISION 15'!$A$14:$H$14,0),""),IFNA(MATCH($B9,'DIVISION 15'!$A$15:$H$15,0),""),IFNA(MATCH($B9,'DIVISION 15'!$A$16:$H$16,0),""),IFNA(MATCH($B9,'DIVISION 15'!$A$17:$H$17,0),""),IFNA(MATCH($B9,'DIVISION 15'!$A$18:$H$18,0),""))=1,'DIVISION 15'!$A$1,SUM(IFNA(MATCH($B9,'DIVISION 15'!$A$2:$H$2,0),""),IFNA(MATCH($B9,'DIVISION 15'!$A$3:$H$3,0),""),IFNA(MATCH($B9,'DIVISION 15'!$A$4:$H$4,0),""),IFNA(MATCH($B9,'DIVISION 15'!$A$5:$H$5,0),""),IFNA(MATCH($B9,'DIVISION 15'!$A$6:$H$6,0),""),IFNA(MATCH($B9,'DIVISION 15'!$A$7:$H$7,0),""),IFNA(MATCH($B9,'DIVISION 15'!$A$8:$H$8,0),""),IFNA(MATCH($B9,'DIVISION 15'!$A$9:$H$9,0),""),IFNA(MATCH($B9,'DIVISION 15'!$A$10:$H$10,0),""),IFNA(MATCH($B9,'DIVISION 15'!$A$11:$H$11,0),""),IFNA(MATCH($B9,'DIVISION 15'!$A$12:$H$12,0),""),IFNA(MATCH($B9,'DIVISION 15'!$A$13:$H$13,0),""),IFNA(MATCH($B9,'DIVISION 15'!$A$14:$H$14,0),""),IFNA(MATCH($B9,'DIVISION 15'!$A$15:$H$15,0),""),IFNA(MATCH($B9,'DIVISION 15'!$A$16:$H$16,0),""),IFNA(MATCH($B9,'DIVISION 15'!$A$17:$H$17,0),""),IFNA(MATCH($B9,'DIVISION 15'!$A$18:$H$18,0),""))=2,'DIVISION 15'!$B$1,SUM(IFNA(MATCH($B9,'DIVISION 15'!$A$2:$H$2,0),""),IFNA(MATCH($B9,'DIVISION 15'!$A$3:$H$3,0),""),IFNA(MATCH($B9,'DIVISION 15'!$A$4:$H$4,0),""),IFNA(MATCH($B9,'DIVISION 15'!$A$5:$H$5,0),""),IFNA(MATCH($B9,'DIVISION 15'!$A$6:$H$6,0),""),IFNA(MATCH($B9,'DIVISION 15'!$A$7:$H$7,0),""),IFNA(MATCH($B9,'DIVISION 15'!$A$8:$H$8,0),""),IFNA(MATCH($B9,'DIVISION 15'!$A$9:$H$9,0),""),IFNA(MATCH($B9,'DIVISION 15'!$A$10:$H$10,0),""),IFNA(MATCH($B9,'DIVISION 15'!$A$11:$H$11,0),""),IFNA(MATCH($B9,'DIVISION 15'!$A$12:$H$12,0),""),IFNA(MATCH($B9,'DIVISION 15'!$A$13:$H$13,0),""),IFNA(MATCH($B9,'DIVISION 15'!$A$14:$H$14,0),""),IFNA(MATCH($B9,'DIVISION 15'!$A$15:$H$15,0),""),IFNA(MATCH($B9,'DIVISION 15'!$A$16:$H$16,0),""),IFNA(MATCH($B9,'DIVISION 15'!$A$17:$H$17,0),""),IFNA(MATCH($B9,'DIVISION 15'!$A$18:$H$18,0),""))=3,'DIVISION 15'!$C$1,SUM(IFNA(MATCH($B9,'DIVISION 15'!$A$2:$H$2,0),""),IFNA(MATCH($B9,'DIVISION 15'!$A$3:$H$3,0),""),IFNA(MATCH($B9,'DIVISION 15'!$A$4:$H$4,0),""),IFNA(MATCH($B9,'DIVISION 15'!$A$5:$H$5,0),""),IFNA(MATCH($B9,'DIVISION 15'!$A$6:$H$6,0),""),IFNA(MATCH($B9,'DIVISION 15'!$A$7:$H$7,0),""),IFNA(MATCH($B9,'DIVISION 15'!$A$8:$H$8,0),""),IFNA(MATCH($B9,'DIVISION 15'!$A$9:$H$9,0),""),IFNA(MATCH($B9,'DIVISION 15'!$A$10:$H$10,0),""),IFNA(MATCH($B9,'DIVISION 15'!$A$11:$H$11,0),""),IFNA(MATCH($B9,'DIVISION 15'!$A$12:$H$12,0),""),IFNA(MATCH($B9,'DIVISION 15'!$A$13:$H$13,0),""),IFNA(MATCH($B9,'DIVISION 15'!$A$14:$H$14,0),""),IFNA(MATCH($B9,'DIVISION 15'!$A$15:$H$15,0),""),IFNA(MATCH($B9,'DIVISION 15'!$A$16:$H$16,0),""),IFNA(MATCH($B9,'DIVISION 15'!$A$17:$H$17,0),""),IFNA(MATCH($B9,'DIVISION 15'!$A$18:$H$18,0),""))=4,'DIVISION 15'!$D$1,SUM(IFNA(MATCH($B9,'DIVISION 15'!$A$2:$H$2,0),""),IFNA(MATCH($B9,'DIVISION 15'!$A$3:$H$3,0),""),IFNA(MATCH($B9,'DIVISION 15'!$A$4:$H$4,0),""),IFNA(MATCH($B9,'DIVISION 15'!$A$5:$H$5,0),""),IFNA(MATCH($B9,'DIVISION 15'!$A$6:$H$6,0),""),IFNA(MATCH($B9,'DIVISION 15'!$A$7:$H$7,0),""),IFNA(MATCH($B9,'DIVISION 15'!$A$8:$H$8,0),""),IFNA(MATCH($B9,'DIVISION 15'!$A$9:$H$9,0),""),IFNA(MATCH($B9,'DIVISION 15'!$A$10:$H$10,0),""),IFNA(MATCH($B9,'DIVISION 15'!$A$11:$H$11,0),""),IFNA(MATCH($B9,'DIVISION 15'!$A$12:$H$12,0),""),IFNA(MATCH($B9,'DIVISION 15'!$A$13:$H$13,0),""),IFNA(MATCH($B9,'DIVISION 15'!$A$14:$H$14,0),""),IFNA(MATCH($B9,'DIVISION 15'!$A$15:$H$15,0),""),IFNA(MATCH($B9,'DIVISION 15'!$A$16:$H$16,0),""),IFNA(MATCH($B9,'DIVISION 15'!$A$17:$H$17,0),""),IFNA(MATCH($B9,'DIVISION 15'!$A$18:$H$18,0),""))=5,'DIVISION 15'!$E$1,SUM(IFNA(MATCH($B9,'DIVISION 15'!$A$2:$H$2,0),""),IFNA(MATCH($B9,'DIVISION 15'!$A$3:$H$3,0),""),IFNA(MATCH($B9,'DIVISION 15'!$A$4:$H$4,0),""),IFNA(MATCH($B9,'DIVISION 15'!$A$5:$H$5,0),""),IFNA(MATCH($B9,'DIVISION 15'!$A$6:$H$6,0),""),IFNA(MATCH($B9,'DIVISION 15'!$A$7:$H$7,0),""),IFNA(MATCH($B9,'DIVISION 15'!$A$8:$H$8,0),""),IFNA(MATCH($B9,'DIVISION 15'!$A$9:$H$9,0),""),IFNA(MATCH($B9,'DIVISION 15'!$A$10:$H$10,0),""),IFNA(MATCH($B9,'DIVISION 15'!$A$11:$H$11,0),""),IFNA(MATCH($B9,'DIVISION 15'!$A$12:$H$12,0),""),IFNA(MATCH($B9,'DIVISION 15'!$A$13:$H$13,0),""),IFNA(MATCH($B9,'DIVISION 15'!$A$14:$H$14,0),""),IFNA(MATCH($B9,'DIVISION 15'!$A$15:$H$15,0),""),IFNA(MATCH($B9,'DIVISION 15'!$A$16:$H$16,0),""),IFNA(MATCH($B9,'DIVISION 15'!$A$17:$H$17,0),""),IFNA(MATCH($B9,'DIVISION 15'!$A$18:$H$18,0),""))=6,'DIVISION 15'!$F$1,SUM(IFNA(MATCH($B9,'DIVISION 15'!$A$2:$H$2,0),""),IFNA(MATCH($B9,'DIVISION 15'!$A$3:$H$3,0),""),IFNA(MATCH($B9,'DIVISION 15'!$A$4:$H$4,0),""),IFNA(MATCH($B9,'DIVISION 15'!$A$5:$H$5,0),""),IFNA(MATCH($B9,'DIVISION 15'!$A$6:$H$6,0),""),IFNA(MATCH($B9,'DIVISION 15'!$A$7:$H$7,0),""),IFNA(MATCH($B9,'DIVISION 15'!$A$8:$H$8,0),""),IFNA(MATCH($B9,'DIVISION 15'!$A$9:$H$9,0),""),IFNA(MATCH($B9,'DIVISION 15'!$A$10:$H$10,0),""),IFNA(MATCH($B9,'DIVISION 15'!$A$11:$H$11,0),""),IFNA(MATCH($B9,'DIVISION 15'!$A$12:$H$12,0),""),IFNA(MATCH($B9,'DIVISION 15'!$A$13:$H$13,0),""),IFNA(MATCH($B9,'DIVISION 15'!$A$14:$H$14,0),""),IFNA(MATCH($B9,'DIVISION 15'!$A$15:$H$15,0),""),IFNA(MATCH($B9,'DIVISION 15'!$A$16:$H$16,0),""),IFNA(MATCH($B9,'DIVISION 15'!$A$17:$H$17,0),""),IFNA(MATCH($B9,'DIVISION 15'!$A$18:$H$18,0),""))=7,'DIVISION 15'!$G$1,SUM(IFNA(MATCH($B9,'DIVISION 15'!$A$2:$H$2,0),""),IFNA(MATCH($B9,'DIVISION 15'!$A$3:$H$3,0),""),IFNA(MATCH($B9,'DIVISION 15'!$A$4:$H$4,0),""),IFNA(MATCH($B9,'DIVISION 15'!$A$5:$H$5,0),""),IFNA(MATCH($B9,'DIVISION 15'!$A$6:$H$6,0),""),IFNA(MATCH($B9,'DIVISION 15'!$A$7:$H$7,0),""),IFNA(MATCH($B9,'DIVISION 15'!$A$8:$H$8,0),""),IFNA(MATCH($B9,'DIVISION 15'!$A$9:$H$9,0),""),IFNA(MATCH($B9,'DIVISION 15'!$A$10:$H$10,0),""),IFNA(MATCH($B9,'DIVISION 15'!$A$11:$H$11,0),""),IFNA(MATCH($B9,'DIVISION 15'!$A$12:$H$12,0),""),IFNA(MATCH($B9,'DIVISION 15'!$A$13:$H$13,0),""),IFNA(MATCH($B9,'DIVISION 15'!$A$14:$H$14,0),""),IFNA(MATCH($B9,'DIVISION 15'!$A$15:$H$15,0),""),IFNA(MATCH($B9,'DIVISION 15'!$A$16:$H$16,0),""),IFNA(MATCH($B9,'DIVISION 15'!$A$17:$H$17,0),""),IFNA(MATCH($B9,'DIVISION 15'!$A$18:$H$18,0),""))=8,'DIVISION 15'!$H$1) -> SOFI | U9: =T9&COUNTIF($T$1:T9,T9) -> SOFI1 | V9: =SUMIF(AsistenciaViewJetAdmin!$A$3:$A$101,A9,AsistenciaViewJetAdmin!$C$3:$C$101)/(COUNTIF(AsistenciaViewJetAdmin!$D$102:V$102,">0")+COUNTIF(ActividadesEspeciales!$D$102:V$102,">0"))*100 -> 39.893617
A10: 165 | B10: Tobias Ciepelinski | C10: 9675 | D10: 22/12/2009 | E10: 49951941 | F10: tobiciepe@gmail.com | G10: 1155252385 | H10: Gabriel Ciepelinski | I10: gabiciepe76@gmail.com | J10: 1151761638 | K10: Romina Maetta | L10: maettaromina79@gmail.com | M10: 1151761643 | N10: Ort | O10: Bogrim mayor , leshatef | P10: Si, Fútbol | Q10: Nedarim | R10: Sin restricciones | S10: NARANJA | T10: =IFS(SUM(IFNA(MATCH($B10,'DIVISION 15'!$A$2:$H$2,0),""),IFNA(MATCH($B10,'DIVISION 15'!$A$3:$H$3,0),""),IFNA(MATCH($B10,'DIVISION 15'!$A$4:$H$4,0),""),IFNA(MATCH($B10,'DIVISION 15'!$A$5:$H$5,0),""),IFNA(MATCH($B10,'DIVISION 15'!$A$6:$H$6,0),""),IFNA(MATCH($B10,'DIVISION 15'!$A$7:$H$7,0),""),IFNA(MATCH($B10,'DIVISION 15'!$A$8:$H$8,0),""),IFNA(MATCH($B10,'DIVISION 15'!$A$9:$H$9,0),""),IFNA(MATCH($B10,'DIVISION 15'!$A$10:$H$10,0),""),IFNA(MATCH($B10,'DIVISION 15'!$A$11:$H$11,0),""),IFNA(MATCH($B10,'DIVISION 15'!$A$12:$H$12,0),""),IFNA(MATCH($B10,'DIVISION 15'!$A$13:$H$13,0),""),IFNA(MATCH($B10,'DIVISION 15'!$A$14:$H$14,0),""),IFNA(MATCH($B10,'DIVISION 15'!$A$15:$H$15,0),""),IFNA(MATCH($B10,'DIVISION 15'!$A$16:$H$16,0),""),IFNA(MATCH($B10,'DIVISION 15'!$A$17:$H$17,0),""),IFNA(MATCH($B10,'DIVISION 15'!$A$18:$H$18,0),""))=1,'DIVISION 15'!$A$1,SUM(IFNA(MATCH($B10,'DIVISION 15'!$A$2:$H$2,0),""),IFNA(MATCH($B10,'DIVISION 15'!$A$3:$H$3,0),""),IFNA(MATCH($B10,'DIVISION 15'!$A$4:$H$4,0),""),IFNA(MATCH($B10,'DIVISION 15'!$A$5:$H$5,0),""),IFNA(MATCH($B10,'DIVISION 15'!$A$6:$H$6,0),""),IFNA(MATCH($B10,'DIVISION 15'!$A$7:$H$7,0),""),IFNA(MATCH($B10,'DIVISION 15'!$A$8:$H$8,0),""),IFNA(MATCH($B10,'DIVISION 15'!$A$9:$H$9,0),""),IFNA(MATCH($B10,'DIVISION 15'!$A$10:$H$10,0),""),IFNA(MATCH($B10,'DIVISION 15'!$A$11:$H$11,0),""),IFNA(MATCH($B10,'DIVISION 15'!$A$12:$H$12,0),""),IFNA(MATCH($B10,'DIVISION 15'!$A$13:$H$13,0),""),IFNA(MATCH($B10,'DIVISION 15'!$A$14:$H$14,0),""),IFNA(MATCH($B10,'DIVISION 15'!$A$15:$H$15,0),""),IFNA(MATCH($B10,'DIVISION 15'!$A$16:$H$16,0),""),IFNA(MATCH($B10,'DIVISION 15'!$A$17:$H$17,0),""),IFNA(MATCH($B10,'DIVISION 15'!$A$18:$H$18,0),""))=2,'DIVISION 15'!$B$1,SUM(IFNA(MATCH($B10,'DIVISION 15'!$A$2:$H$2,0),""),IFNA(MATCH($B10,'DIVISION 15'!$A$3:$H$3,0),""),IFNA(MATCH($B10,'DIVISION 15'!$A$4:$H$4,0),""),IFNA(MATCH($B10,'DIVISION 15'!$A$5:$H$5,0),""),IFNA(MATCH($B10,'DIVISION 15'!$A$6:$H$6,0),""),IFNA(MATCH($B10,'DIVISION 15'!$A$7:$H$7,0),""),IFNA(MATCH($B10,'DIVISION 15'!$A$8:$H$8,0),""),IFNA(MATCH($B10,'DIVISION 15'!$A$9:$H$9,0),""),IFNA(MATCH($B10,'DIVISION 15'!$A$10:$H$10,0),""),IFNA(MATCH($B10,'DIVISION 15'!$A$11:$H$11,0),""),IFNA(MATCH($B10,'DIVISION 15'!$A$12:$H$12,0),""),IFNA(MATCH($B10,'DIVISION 15'!$A$13:$H$13,0),""),IFNA(MATCH($B10,'DIVISION 15'!$A$14:$H$14,0),""),IFNA(MATCH($B10,'DIVISION 15'!$A$15:$H$15,0),""),IFNA(MATCH($B10,'DIVISION 15'!$A$16:$H$16,0),""),IFNA(MATCH($B10,'DIVISION 15'!$A$17:$H$17,0),""),IFNA(MATCH($B10,'DIVISION 15'!$A$18:$H$18,0),""))=3,'DIVISION 15'!$C$1,SUM(IFNA(MATCH($B10,'DIVISION 15'!$A$2:$H$2,0),""),IFNA(MATCH($B10,'DIVISION 15'!$A$3:$H$3,0),""),IFNA(MATCH($B10,'DIVISION 15'!$A$4:$H$4,0),""),IFNA(MATCH($B10,'DIVISION 15'!$A$5:$H$5,0),""),IFNA(MATCH($B10,'DIVISION 15'!$A$6:$H$6,0),""),IFNA(MATCH($B10,'DIVISION 15'!$A$7:$H$7,0),""),IFNA(MATCH($B10,'DIVISION 15'!$A$8:$H$8,0),""),IFNA(MATCH($B10,'DIVISION 15'!$A$9:$H$9,0),""),IFNA(MATCH($B10,'DIVISION 15'!$A$10:$H$10,0),""),IFNA(MATCH($B10,'DIVISION 15'!$A$11:$H$11,0),""),IFNA(MATCH($B10,'DIVISION 15'!$A$12:$H$12,0),""),IFNA(MATCH($B10,'DIVISION 15'!$A$13:$H$13,0),""),IFNA(MATCH($B10,'DIVISION 15'!$A$14:$H$14,0),""),IFNA(MATCH($B10,'DIVISION 15'!$A$15:$H$15,0),""),IFNA(MATCH($B10,'DIVISION 15'!$A$16:$H$16,0),""),IFNA(MATCH($B10,'DIVISION 15'!$A$17:$H$17,0),""),IFNA(MATCH($B10,'DIVISION 15'!$A$18:$H$18,0),""))=4,'DIVISION 15'!$D$1,SUM(IFNA(MATCH($B10,'DIVISION 15'!$A$2:$H$2,0),""),IFNA(MATCH($B10,'DIVISION 15'!$A$3:$H$3,0),""),IFNA(MATCH($B10,'DIVISION 15'!$A$4:$H$4,0),""),IFNA(MATCH($B10,'DIVISION 15'!$A$5:$H$5,0),""),IFNA(MATCH($B10,'DIVISION 15'!$A$6:$H$6,0),""),IFNA(MATCH($B10,'DIVISION 15'!$A$7:$H$7,0),""),IFNA(MATCH($B10,'DIVISION 15'!$A$8:$H$8,0),""),IFNA(MATCH($B10,'DIVISION 15'!$A$9:$H$9,0),""),IFNA(MATCH($B10,'DIVISION 15'!$A$10:$H$10,0),""),IFNA(MATCH($B10,'DIVISION 15'!$A$11:$H$11,0),""),IFNA(MATCH($B10,'DIVISION 15'!$A$12:$H$12,0),""),IFNA(MATCH($B10,'DIVISION 15'!$A$13:$H$13,0),""),IFNA(MATCH($B10,'DIVISION 15'!$A$14:$H$14,0),""),IFNA(MATCH($B10,'DIVISION 15'!$A$15:$H$15,0),""),IFNA(MATCH($B10,'DIVISION 15'!$A$16:$H$16,0),""),IFNA(MATCH($B10,'DIVISION 15'!$A$17:$H$17,0),""),IFNA(MATCH($B10,'DIVISION 15'!$A$18:$H$18,0),""))=5,'DIVISION 15'!$E$1,SUM(IFNA(MATCH($B10,'DIVISION 15'!$A$2:$H$2,0),""),IFNA(MATCH($B10,'DIVISION 15'!$A$3:$H$3,0),""),IFNA(MATCH($B10,'DIVISION 15'!$A$4:$H$4,0),""),IFNA(MATCH($B10,'DIVISION 15'!$A$5:$H$5,0),""),IFNA(MATCH($B10,'DIVISION 15'!$A$6:$H$6,0),""),IFNA(MATCH($B10,'DIVISION 15'!$A$7:$H$7,0),""),IFNA(MATCH($B10,'DIVISION 15'!$A$8:$H$8,0),""),IFNA(MATCH($B10,'DIVISION 15'!$A$9:$H$9,0),""),IFNA(MATCH($B10,'DIVISION 15'!$A$10:$H$10,0),""),IFNA(MATCH($B10,'DIVISION 15'!$A$11:$H$11,0),""),IFNA(MATCH($B10,'DIVISION 15'!$A$12:$H$12,0),""),IFNA(MATCH($B10,'DIVISION 15'!$A$13:$H$13,0),""),IFNA(MATCH($B10,'DIVISION 15'!$A$14:$H$14,0),""),IFNA(MATCH($B10,'DIVISION 15'!$A$15:$H$15,0),""),IFNA(MATCH($B10,'DIVISION 15'!$A$16:$H$16,0),""),IFNA(MATCH($B10,'DIVISION 15'!$A$17:$H$17,0),""),IFNA(MATCH($B10,'DIVISION 15'!$A$18:$H$18,0),""))=6,'DIVISION 15'!$F$1,SUM(IFNA(MATCH($B10,'DIVISION 15'!$A$2:$H$2,0),""),IFNA(MATCH($B10,'DIVISION 15'!$A$3:$H$3,0),""),IFNA(MATCH($B10,'DIVISION 15'!$A$4:$H$4,0),""),IFNA(MATCH($B10,'DIVISION 15'!$A$5:$H$5,0),""),IFNA(MATCH($B10,'DIVISION 15'!$A$6:$H$6,0),""),IFNA(MATCH($B10,'DIVISION 15'!$A$7:$H$7,0),""),IFNA(MATCH($B10,'DIVISION 15'!$A$8:$H$8,0),""),IFNA(MATCH($B10,'DIVISION 15'!$A$9:$H$9,0),""),IFNA(MATCH($B10,'DIVISION 15'!$A$10:$H$10,0),""),IFNA(MATCH($B10,'DIVISION 15'!$A$11:$H$11,0),""),IFNA(MATCH($B10,'DIVISION 15'!$A$12:$H$12,0),""),IFNA(MATCH($B10,'DIVISION 15'!$A$13:$H$13,0),""),IFNA(MATCH($B10,'DIVISION 15'!$A$14:$H$14,0),""),IFNA(MATCH($B10,'DIVISION 15'!$A$15:$H$15,0),""),IFNA(MATCH($B10,'DIVISION 15'!$A$16:$H$16,0),""),IFNA(MATCH($B10,'DIVISION 15'!$A$17:$H$17,0),""),IFNA(MATCH($B10,'DIVISION 15'!$A$18:$H$18,0),""))=7,'DIVISION 15'!$G$1,SUM(IFNA(MATCH($B10,'DIVISION 15'!$A$2:$H$2,0),""),IFNA(MATCH($B10,'DIVISION 15'!$A$3:$H$3,0),""),IFNA(MATCH($B10,'DIVISION 15'!$A$4:$H$4,0),""),IFNA(MATCH($B10,'DIVISION 15'!$A$5:$H$5,0),""),IFNA(MATCH($B10,'DIVISION 15'!$A$6:$H$6,0),""),IFNA(MATCH($B10,'DIVISION 15'!$A$7:$H$7,0),""),IFNA(MATCH($B10,'DIVISION 15'!$A$8:$H$8,0),""),IFNA(MATCH($B10,'DIVISION 15'!$A$9:$H$9,0),""),IFNA(MATCH($B10,'DIVISION 15'!$A$10:$H$10,0),""),IFNA(MATCH($B10,'DIVISION 15'!$A$11:$H$11,0),""),IFNA(MATCH($B10,'DIVISION 15'!$A$12:$H$12,0),""),IFNA(MATCH($B10,'DIVISION 15'!$A$13:$H$13,0),""),IFNA(MATCH($B10,'DIVISION 15'!$A$14:$H$14,0),""),IFNA(MATCH($B10,'DIVISION 15'!$A$15:$H$15,0),""),IFNA(MATCH($B10,'DIVISION 15'!$A$16:$H$16,0),""),IFNA(MATCH($B10,'DIVISION 15'!$A$17:$H$17,0),""),IFNA(MATCH($B10,'DIVISION 15'!$A$18:$H$18,0),""))=8,'DIVISION 15'!$H$1) -> SOFI | U10: =T10&COUNTIF($T$1:T10,T10) -> SOFI2 | V10: =SUMIF(AsistenciaViewJetAdmin!$A$3:$A$101,A10,AsistenciaViewJetAdmin!$C$3:$C$101)/(COUNTIF(AsistenciaViewJetAdmin!$D$102:V$102,">0")+COUNTIF(ActividadesEspeciales!$D$102:V$102,">0"))*100 -> 48.404255
A11: 183 | B11: Tobias Chame | C11: 958404 | D11: 40097 | E11: 49903750 | F11: chametobias442@gmail.com | G11: 1165489322 | H11: Elena Juaya | I11: elenajuaya@yahoo.com.ar | J11: 1130024499 | K11: David Chame | L11: chamedavid@gmail.com | M11: 1168907429 | N11: Ort | O11: No | P11: Futbol | Q11: Jashibut | R11: Sin restricciones | S11: NARANJA | T11: =IFS(SUM(IFNA(MATCH($B11,'DIVISION 15'!$A$2:$H$2,0),""),IFNA(MATCH($B11,'DIVISION 15'!$A$3:$H$3,0),""),IFNA(MATCH($B11,'DIVISION 15'!$A$4:$H$4,0),""),IFNA(MATCH($B11,'DIVISION 15'!$A$5:$H$5,0),""),IFNA(MATCH($B11,'DIVISION 15'!$A$6:$H$6,0),""),IFNA(MATCH($B11,'DIVISION 15'!$A$7:$H$7,0),""),IFNA(MATCH($B11,'DIVISION 15'!$A$8:$H$8,0),""),IFNA(MATCH($B11,'DIVISION 15'!$A$9:$H$9,0),""),IFNA(MATCH($B11,'DIVISION 15'!$A$10:$H$10,0),""),IFNA(MATCH($B11,'DIVISION 15'!$A$11:$H$11,0),""),IFNA(MATCH($B11,'DIVISION 15'!$A$12:$H$12,0),""),IFNA(MATCH($B11,'DIVISION 15'!$A$13:$H$13,0),""),IFNA(MATCH($B11,'DIVISION 15'!$A$14:$H$14,0),""),IFNA(MATCH($B11,'DIVISION 15'!$A$15:$H$15,0),""),IFNA(MATCH($B11,'DIVISION 15'!$A$16:$H$16,0),""),IFNA(MATCH($B11,'DIVISION 15'!$A$17:$H$17,0),""),IFNA(MATCH($B11,'DIVISION 15'!$A$18:$H$18,0),""))=1,'DIVISION 15'!$A$1,SUM(IFNA(MATCH($B11,'DIVISION 15'!$A$2:$H$2,0),""),IFNA(MATCH($B11,'DIVISION 15'!$A$3:$H$3,0),""),IFNA(MATCH($B11,'DIVISION 15'!$A$4:$H$4,0),""),IFNA(MATCH($B11,'DIVISION 15'!$A$5:$H$5,0),""),IFNA(MATCH($B11,'DIVISION 15'!$A$6:$H$6,0),""),IFNA(MATCH($B11,'DIVISION 15'!$A$7:$H$7,0),""),IFNA(MATCH($B11,'DIVISION 15'!$A$8:$H$8,0),""),IFNA(MATCH($B11,'DIVISION 15'!$A$9:$H$9,0),""),IFNA(MATCH($B11,'DIVISION 15'!$A$10:$H$10,0),""),IFNA(MATCH($B11,'DIVISION 15'!$A$11:$H$11,0),""),IFNA(MATCH($B11,'DIVISION 15'!$A$12:$H$12,0),""),IFNA(MATCH($B11,'DIVISION 15'!$A$13:$H$13,0),""),IFNA(MATCH($B11,'DIVISION 15'!$A$14:$H$14,0),""),IFNA(MATCH($B11,'DIVISION 15'!$A$15:$H$15,0),""),IFNA(MATCH($B11,'DIVISION 15'!$A$16:$H$16,0),""),IFNA(MATCH($B11,'DIVISION 15'!$A$17:$H$17,0),""),IFNA(MATCH($B11,'DIVISION 15'!$A$18:$H$18,0),""))=2,'DIVISION 15'!$B$1,SUM(IFNA(MATCH($B11,'DIVISION 15'!$A$2:$H$2,0),""),IFNA(MATCH($B11,'DIVISION 15'!$A$3:$H$3,0),""),IFNA(MATCH($B11,'DIVISION 15'!$A$4:$H$4,0),""),IFNA(MATCH($B11,'DIVISION 15'!$A$5:$H$5,0),""),IFNA(MATCH($B11,'DIVISION 15'!$A$6:$H$6,0),""),IFNA(MATCH($B11,'DIVISION 15'!$A$7:$H$7,0),""),IFNA(MATCH($B11,'DIVISION 15'!$A$8:$H$8,0),""),IFNA(MATCH($B11,'DIVISION 15'!$A$9:$H$9,0),""),IFNA(MATCH($B11,'DIVISION 15'!$A$10:$H$10,0),""),IFNA(MATCH($B11,'DIVISION 15'!$A$11:$H$11,0),""),IFNA(MATCH($B11,'DIVISION 15'!$A$12:$H$12,0),""),IFNA(MATCH($B11,'DIVISION 15'!$A$13:$H$13,0),""),IFNA(MATCH($B11,'DIVISION 15'!$A$14:$H$14,0),""),IFNA(MATCH($B11,'DIVISION 15'!$A$15:$H$15,0),""),IFNA(MATCH($B11,'DIVISION 15'!$A$16:$H$16,0),""),IFNA(MATCH($B11,'DIVISION 15'!$A$17:$H$17,0),""),IFNA(MATCH($B11,'DIVISION 15'!$A$18:$H$18,0),""))=3,'DIVISION 15'!$C$1,SUM(IFNA(MATCH($B11,'DIVISION 15'!$A$2:$H$2,0),""),IFNA(MATCH($B11,'DIVISION 15'!$A$3:$H$3,0),""),IFNA(MATCH($B11,'DIVISION 15'!$A$4:$H$4,0),""),IFNA(MATCH($B11,'DIVISION 15'!$A$5:$H$5,0),""),IFNA(MATCH($B11,'DIVISION 15'!$A$6:$H$6,0),""),IFNA(MATCH($B11,'DIVISION 15'!$A$7:$H$7,0),""),IFNA(MATCH($B11,'DIVISION 15'!$A$8:$H$8,0),""),IFNA(MATCH($B11,'DIVISION 15'!$A$9:$H$9,0),""),IFNA(MATCH($B11,'DIVISION 15'!$A$10:$H$10,0),""),IFNA(MATCH($B11,'DIVISION 15'!$A$11:$H$11,0),""),IFNA(MATCH($B11,'DIVISION 15'!$A$12:$H$12,0),""),IFNA(MATCH($B11,'DIVISION 15'!$A$13:$H$13,0),""),IFNA(MATCH($B11,'DIVISION 15'!$A$14:$H$14,0),""),IFNA(MATCH($B11,'DIVISION 15'!$A$15:$H$15,0),""),IFNA(MATCH($B11,'DIVISION 15'!$A$16:$H$16,0),""),IFNA(MATCH($B11,'DIVISION 15'!$A$17:$H$17,0),""),IFNA(MATCH($B11,'DIVISION 15'!$A$18:$H$18,0),""))=4,'DIVISION 15'!$D$1,SUM(IFNA(MATCH($B11,'DIVISION 15'!$A$2:$H$2,0),""),IFNA(MATCH($B11,'DIVISION 15'!$A$3:$H$3,0),""),IFNA(MATCH($B11,'DIVISION 15'!$A$4:$H$4,0),""),IFNA(MATCH($B11,'DIVISION 15'!$A$5:$H$5,0),""),IFNA(MATCH($B11,'DIVISION 15'!$A$6:$H$6,0),""),IFNA(MATCH($B11,'DIVISION 15'!$A$7:$H$7,0),""),IFNA(MATCH($B11,'DIVISION 15'!$A$8:$H$8,0),""),IFNA(MATCH($B11,'DIVISION 15'!$A$9:$H$9,0),""),IFNA(MATCH($B11,'DIVISION 15'!$A$10:$H$10,0),""),IFNA(MATCH($B11,'DIVISION 15'!$A$11:$H$11,0),""),IFNA(MATCH($B11,'DIVISION 15'!$A$12:$H$12,0),""),IFNA(MATCH($B11,'DIVISION 15'!$A$13:$H$13,0),""),IFNA(MATCH($B11,'DIVISION 15'!$A$14:$H$14,0),""),IFNA(MATCH($B11,'DIVISION 15'!$A$15:$H$15,0),""),IFNA(MATCH($B11,'DIVISION 15'!$A$16:$H$16,0),""),IFNA(MATCH($B11,'DIVISION 15'!$A$17:$H$17,0),""),IFNA(MATCH($B11,'DIVISION 15'!$A$18:$H$18,0),""))=5,'DIVISION 15'!$E$1,SUM(IFNA(MATCH($B11,'DIVISION 15'!$A$2:$H$2,0),""),IFNA(MATCH($B11,'DIVISION 15'!$A$3:$H$3,0),""),IFNA(MATCH($B11,'DIVISION 15'!$A$4:$H$4,0),""),IFNA(MATCH($B11,'DIVISION 15'!$A$5:$H$5,0),""),IFNA(MATCH($B11,'DIVISION 15'!$A$6:$H$6,0),""),IFNA(MATCH($B11,'DIVISION 15'!$A$7:$H$7,0),""),IFNA(MATCH($B11,'DIVISION 15'!$A$8:$H$8,0),""),IFNA(MATCH($B11,'DIVISION 15'!$A$9:$H$9,0),""),IFNA(MATCH($B11,'DIVISION 15'!$A$10:$H$10,0),""),IFNA(MATCH($B11,'DIVISION 15'!$A$11:$H$11,0),""),IFNA(MATCH($B11,'DIVISION 15'!$A$12:$H$12,0),""),IFNA(MATCH($B11,'DIVISION 15'!$A$13:$H$13,0),""),IFNA(MATCH($B11,'DIVISION 15'!$A$14:$H$14,0),""),IFNA(MATCH($B11,'DIVISION 15'!$A$15:$H$15,0),""),IFNA(MATCH($B11,'DIVISION 15'!$A$16:$H$16,0),""),IFNA(MATCH($B11,'DIVISION 15'!$A$17:$H$17,0),""),IFNA(MATCH($B11,'DIVISION 15'!$A$18:$H$18,0),""))=6,'DIVISION 15'!$F$1,SUM(IFNA(MATCH($B11,'DIVISION 15'!$A$2:$H$2,0),""),IFNA(MATCH($B11,'DIVISION 15'!$A$3:$H$3,0),""),IFNA(MATCH($B11,'DIVISION 15'!$A$4:$H$4,0),""),IFNA(MATCH($B11,'DIVISION 15'!$A$5:$H$5,0),""),IFNA(MATCH($B11,'DIVISION 15'!$A$6:$H$6,0),""),IFNA(MATCH($B11,'DIVISION 15'!$A$7:$H$7,0),""),IFNA(MATCH($B11,'DIVISION 15'!$A$8:$H$8,0),""),IFNA(MATCH($B11,'DIVISION 15'!$A$9:$H$9,0),""),IFNA(MATCH($B11,'DIVISION 15'!$A$10:$H$10,0),""),IFNA(MATCH($B11,'DIVISION 15'!$A$11:$H$11,0),""),IFNA(MATCH($B11,'DIVISION 15'!$A$12:$H$12,0),""),IFNA(MATCH($B11,'DIVISION 15'!$A$13:$H$13,0),""),IFNA(MATCH($B11,'DIVISION 15'!$A$14:$H$14,0),""),IFNA(MATCH($B11,'DIVISION 15'!$A$15:$H$15,0),""),IFNA(MATCH($B11,'DIVISION 15'!$A$16:$H$16,0),""),IFNA(MATCH($B11,'DIVISION 15'!$A$17:$H$17,0),""),IFNA(MATCH($B11,'DIVISION 15'!$A$18:$H$18,0),""))=7,'DIVISION 15'!$G$1,SUM(IFNA(MATCH($B11,'DIVISION 15'!$A$2:$H$2,0),""),IFNA(MATCH($B11,'DIVISION 15'!$A$3:$H$3,0),""),IFNA(MATCH($B11,'DIVISION 15'!$A$4:$H$4,0),""),IFNA(MATCH($B11,'DIVISION 15'!$A$5:$H$5,0),""),IFNA(MATCH($B11,'DIVISION 15'!$A$6:$H$6,0),""),IFNA(MATCH($B11,'DIVISION 15'!$A$7:$H$7,0),""),IFNA(MATCH($B11,'DIVISION 15'!$A$8:$H$8,0),""),IFNA(MATCH($B11,'DIVISION 15'!$A$9:$H$9,0),""),IFNA(MATCH($B11,'DIVISION 15'!$A$10:$H$10,0),""),IFNA(MATCH($B11,'DIVISION 15'!$A$11:$H$11,0),""),IFNA(MATCH($B11,'DIVISION 15'!$A$12:$H$12,0),""),IFNA(MATCH($B11,'DIVISION 15'!$A$13:$H$13,0),""),IFNA(MATCH($B11,'DIVISION 15'!$A$14:$H$14,0),""),IFNA(MATCH($B11,'DIVISION 15'!$A$15:$H$15,0),""),IFNA(MATCH($B11,'DIVISION 15'!$A$16:$H$16,0),""),IFNA(MATCH($B11,'DIVISION 15'!$A$17:$H$17,0),""),IFNA(MATCH($B11,'DIVISION 15'!$A$18:$H$18,0),""))=8,'DIVISION 15'!$H$1) -> DAIU | U11: =T11&COUNTIF($T$1:T11,T11) -> DAIU2 | V11: =SUMIF(AsistenciaViewJetAdmin!$A$3:$A$101,A11,AsistenciaViewJetAdmin!$C$3:$C$101)/(COUNTIF(AsistenciaViewJetAdmin!$D$102:V$102,">0")+COUNTIF(ActividadesEspeciales!$D$102:V$102,">0"))*100 -> 57.978723
A12: 193 | B12: Tiziana Mida | C12: 1218502 | D12: 16/07/2009 | E12: 49624210 | F12: tizimida@gmail.com | G12: 1125733104 | H12: Cynthia Gisuk | I12: c.gisuk@yahoo.com.ar | J12: 1134389244 | K12: David Mida | L12: davidm74@live.com.ar | M12: 1164036174 | N12: Ort Almagro | O12: No | P12: No | Q12: No asiste a los grupos actualmente | R12: Sin restricciones | S12: NARANJA | T12: =IFS(SUM(IFNA(MATCH($B12,'DIVISION 15'!$A$2:$H$2,0),""),IFNA(MATCH($B12,'DIVISION 15'!$A$3:$H$3,0),""),IFNA(MATCH($B12,'DIVISION 15'!$A$4:$H$4,0),""),IFNA(MATCH($B12,'DIVISION 15'!$A$5:$H$5,0),""),IFNA(MATCH($B12,'DIVISION 15'!$A$6:$H$6,0),""),IFNA(MATCH($B12,'DIVISION 15'!$A$7:$H$7,0),""),IFNA(MATCH($B12,'DIVISION 15'!$A$8:$H$8,0),""),IFNA(MATCH($B12,'DIVISION 15'!$A$9:$H$9,0),""),IFNA(MATCH($B12,'DIVISION 15'!$A$10:$H$10,0),""),IFNA(MATCH($B12,'DIVISION 15'!$A$11:$H$11,0),""),IFNA(MATCH($B12,'DIVISION 15'!$A$12:$H$12,0),""),IFNA(MATCH($B12,'DIVISION 15'!$A$13:$H$13,0),""),IFNA(MATCH($B12,'DIVISION 15'!$A$14:$H$14,0),""),IFNA(MATCH($B12,'DIVISION 15'!$A$15:$H$15,0),""),IFNA(MATCH($B12,'DIVISION 15'!$A$16:$H$16,0),""),IFNA(MATCH($B12,'DIVISION 15'!$A$17:$H$17,0),""),IFNA(MATCH($B12,'DIVISION 15'!$A$18:$H$18,0),""))=1,'DIVISION 15'!$A$1,SUM(IFNA(MATCH($B12,'DIVISION 15'!$A$2:$H$2,0),""),IFNA(MATCH($B12,'DIVISION 15'!$A$3:$H$3,0),""),IFNA(MATCH($B12,'DIVISION 15'!$A$4:$H$4,0),""),IFNA(MATCH($B12,'DIVISION 15'!$A$5:$H$5,0),""),IFNA(MATCH($B12,'DIVISION 15'!$A$6:$H$6,0),""),IFNA(MATCH($B12,'DIVISION 15'!$A$7:$H$7,0),""),IFNA(MATCH($B12,'DIVISION 15'!$A$8:$H$8,0),""),IFNA(MATCH($B12,'DIVISION 15'!$A$9:$H$9,0),""),IFNA(MATCH($B12,'DIVISION 15'!$A$10:$H$10,0),""),IFNA(MATCH($B12,'DIVISION 15'!$A$11:$H$11,0),""),IFNA(MATCH($B12,'DIVISION 15'!$A$12:$H$12,0),""),IFNA(MATCH($B12,'DIVISION 15'!$A$13:$H$13,0),""),IFNA(MATCH($B12,'DIVISION 15'!$A$14:$H$14,0),""),IFNA(MATCH($B12,'DIVISION 15'!$A$15:$H$15,0),""),IFNA(MATCH($B12,'DIVISION 15'!$A$16:$H$16,0),""),IFNA(MATCH($B12,'DIVISION 15'!$A$17:$H$17,0),""),IFNA(MATCH($B12,'DIVISION 15'!$A$18:$H$18,0),""))=2,'DIVISION 15'!$B$1,SUM(IFNA(MATCH($B12,'DIVISION 15'!$A$2:$H$2,0),""),IFNA(MATCH($B12,'DIVISION 15'!$A$3:$H$3,0),""),IFNA(MATCH($B12,'DIVISION 15'!$A$4:$H$4,0),""),IFNA(MATCH($B12,'DIVISION 15'!$A$5:$H$5,0),""),IFNA(MATCH($B12,'DIVISION 15'!$A$6:$H$6,0),""),IFNA(MATCH($B12,'DIVISION 15'!$A$7:$H$7,0),""),IFNA(MATCH($B12,'DIVISION 15'!$A$8:$H$8,0),""),IFNA(MATCH($B12,'DIVISION 15'!$A$9:$H$9,0),""),IFNA(MATCH($B12,'DIVISION 15'!$A$10:$H$10,0),""),IFNA(MATCH($B12,'DIVISION 15'!$A$11:$H$11,0),""),IFNA(MATCH($B12,'DIVISION 15'!$A$12:$H$12,0),""),IFNA(MATCH($B12,'DIVISION 15'!$A$13:$H$13,0),""),IFNA(MATCH($B12,'DIVISION 15'!$A$14:$H$14,0),""),IFNA(MATCH($B12,'DIVISION 15'!$A$15:$H$15,0),""),IFNA(MATCH($B12,'DIVISION 15'!$A$16:$H$16,0),""),IFNA(MATCH($B12,'DIVISION 15'!$A$17:$H$17,0),""),IFNA(MATCH($B12,'DIVISION 15'!$A$18:$H$18,0),""))=3,'DIVISION 15'!$C$1,SUM(IFNA(MATCH($B12,'DIVISION 15'!$A$2:$H$2,0),""),IFNA(MATCH($B12,'DIVISION 15'!$A$3:$H$3,0),""),IFNA(MATCH($B12,'DIVISION 15'!$A$4:$H$4,0),""),IFNA(MATCH($B12,'DIVISION 15'!$A$5:$H$5,0),""),IFNA(MATCH($B12,'DIVISION 15'!$A$6:$H$6,0),""),IFNA(MATCH($B12,'DIVISION 15'!$A$7:$H$7,0),""),IFNA(MATCH($B12,'DIVISION 15'!$A$8:$H$8,0),""),IFNA(MATCH($B12,'DIVISION 15'!$A$9:$H$9,0),""),IFNA(MATCH($B12,'DIVISION 15'!$A$10:$H$10,0),""),IFNA(MATCH($B12,'DIVISION 15'!$A$11:$H$11,0),""),IFNA(MATCH($B12,'DIVISION 15'!$A$12:$H$12,0),""),IFNA(MATCH($B12,'DIVISION 15'!$A$13:$H$13,0),""),IFNA(MATCH($B12,'DIVISION 15'!$A$14:$H$14,0),""),IFNA(MATCH($B12,'DIVISION 15'!$A$15:$H$15,0),""),IFNA(MATCH($B12,'DIVISION 15'!$A$16:$H$16,0),""),IFNA(MATCH($B12,'DIVISION 15'!$A$17:$H$17,0),""),IFNA(MATCH($B12,'DIVISION 15'!$A$18:$H$18,0),""))=4,'DIVISION 15'!$D$1,SUM(IFNA(MATCH($B12,'DIVISION 15'!$A$2:$H$2,0),""),IFNA(MATCH($B12,'DIVISION 15'!$A$3:$H$3,0),""),IFNA(MATCH($B12,'DIVISION 15'!$A$4:$H$4,0),""),IFNA(MATCH($B12,'DIVISION 15'!$A$5:$H$5,0),""),IFNA(MATCH($B12,'DIVISION 15'!$A$6:$H$6,0),""),IFNA(MATCH($B12,'DIVISION 15'!$A$7:$H$7,0),""),IFNA(MATCH($B12,'DIVISION 15'!$A$8:$H$8,0),""),IFNA(MATCH($B12,'DIVISION 15'!$A$9:$H$9,0),""),IFNA(MATCH($B12,'DIVISION 15'!$A$10:$H$10,0),""),IFNA(MATCH($B12,'DIVISION 15'!$A$11:$H$11,0),""),IFNA(MATCH($B12,'DIVISION 15'!$A$12:$H$12,0),""),IFNA(MATCH($B12,'DIVISION 15'!$A$13:$H$13,0),""),IFNA(MATCH($B12,'DIVISION 15'!$A$14:$H$14,0),""),IFNA(MATCH($B12,'DIVISION 15'!$A$15:$H$15,0),""),IFNA(MATCH($B12,'DIVISION 15'!$A$16:$H$16,0),""),IFNA(MATCH($B12,'DIVISION 15'!$A$17:$H$17,0),""),IFNA(MATCH($B12,'DIVISION 15'!$A$18:$H$18,0),""))=5,'DIVISION 15'!$E$1,SUM(IFNA(MATCH($B12,'DIVISION 15'!$A$2:$H$2,0),""),IFNA(MATCH($B12,'DIVISION 15'!$A$3:$H$3,0),""),IFNA(MATCH($B12,'DIVISION 15'!$A$4:$H$4,0),""),IFNA(MATCH($B12,'DIVISION 15'!$A$5:$H$5,0),""),IFNA(MATCH($B12,'DIVISION 15'!$A$6:$H$6,0),""),IFNA(MATCH($B12,'DIVISION 15'!$A$7:$H$7,0),""),IFNA(MATCH($B12,'DIVISION 15'!$A$8:$H$8,0),""),IFNA(MATCH($B12,'DIVISION 15'!$A$9:$H$9,0),""),IFNA(MATCH($B12,'DIVISION 15'!$A$10:$H$10,0),""),IFNA(MATCH($B12,'DIVISION 15'!$A$11:$H$11,0),""),IFNA(MATCH($B12,'DIVISION 15'!$A$12:$H$12,0),""),IFNA(MATCH($B12,'DIVISION 15'!$A$13:$H$13,0),""),IFNA(MATCH($B12,'DIVISION 15'!$A$14:$H$14,0),""),IFNA(MATCH($B12,'DIVISION 15'!$A$15:$H$15,0),""),IFNA(MATCH($B12,'DIVISION 15'!$A$16:$H$16,0),""),IFNA(MATCH($B12,'DIVISION 15'!$A$17:$H$17,0),""),IFNA(MATCH($B12,'DIVISION 15'!$A$18:$H$18,0),""))=6,'DIVISION 15'!$F$1,SUM(IFNA(MATCH($B12,'DIVISION 15'!$A$2:$H$2,0),""),IFNA(MATCH($B12,'DIVISION 15'!$A$3:$H$3,0),""),IFNA(MATCH($B12,'DIVISION 15'!$A$4:$H$4,0),""),IFNA(MATCH($B12,'DIVISION 15'!$A$5:$H$5,0),""),IFNA(MATCH($B12,'DIVISION 15'!$A$6:$H$6,0),""),IFNA(MATCH($B12,'DIVISION 15'!$A$7:$H$7,0),""),IFNA(MATCH($B12,'DIVISION 15'!$A$8:$H$8,0),""),IFNA(MATCH($B12,'DIVISION 15'!$A$9:$H$9,0),""),IFNA(MATCH($B12,'DIVISION 15'!$A$10:$H$10,0),""),IFNA(MATCH($B12,'DIVISION 15'!$A$11:$H$11,0),""),IFNA(MATCH($B12,'DIVISION 15'!$A$12:$H$12,0),""),IFNA(MATCH($B12,'DIVISION 15'!$A$13:$H$13,0),""),IFNA(MATCH($B12,'DIVISION 15'!$A$14:$H$14,0),""),IFNA(MATCH($B12,'DIVISION 15'!$A$15:$H$15,0),""),IFNA(MATCH($B12,'DIVISION 15'!$A$16:$H$16,0),""),IFNA(MATCH($B12,'DIVISION 15'!$A$17:$H$17,0),""),IFNA(MATCH($B12,'DIVISION 15'!$A$18:$H$18,0),""))=7,'DIVISION 15'!$G$1,SUM(IFNA(MATCH($B12,'DIVISION 15'!$A$2:$H$2,0),""),IFNA(MATCH($B12,'DIVISION 15'!$A$3:$H$3,0),""),IFNA(MATCH($B12,'DIVISION 15'!$A$4:$H$4,0),""),IFNA(MATCH($B12,'DIVISION 15'!$A$5:$H$5,0),""),IFNA(MATCH($B12,'DIVISION 15'!$A$6:$H$6,0),""),IFNA(MATCH($B12,'DIVISION 15'!$A$7:$H$7,0),""),IFNA(MATCH($B12,'DIVISION 15'!$A$8:$H$8,0),""),IFNA(MATCH($B12,'DIVISION 15'!$A$9:$H$9,0),""),IFNA(MATCH($B12,'DIVISION 15'!$A$10:$H$10,0),""),IFNA(MATCH($B12,'DIVISION 15'!$A$11:$H$11,0),""),IFNA(MATCH($B12,'DIVISION 15'!$A$12:$H$12,0),""),IFNA(MATCH($B12,'DIVISION 15'!$A$13:$H$13,0),""),IFNA(MATCH($B12,'DIVISION 15'!$A$14:$H$14,0),""),IFNA(MATCH($B12,'DIVISION 15'!$A$15:$H$15,0),""),IFNA(MATCH($B12,'DIVISION 15'!$A$16:$H$16,0),""),IFNA(MATCH($B12,'DIVISION 15'!$A$17:$H$17,0),""),IFNA(MATCH($B12,'DIVISION 15'!$A$18:$H$18,0),""))=8,'DIVISION 15'!$H$1) -> SOFI | U12: =T12&COUNTIF($T$1:T12,T12) -> SOFI3 | V12: =SUMIF(AsistenciaViewJetAdmin!$A$3:$A$101,A12,AsistenciaViewJetAdmin!$C$3:$C$101)/(COUNTIF(AsistenciaViewJetAdmin!$D$102:V$102,">0")+COUNTIF(ActividadesEspeciales!$D$102:V$102,">0"))*100 -> 77.659574
A13: 110 | B13: Thiago Wagner | C13: 1046904 | D13: 40242 | E13: 50291822 | F13: thiagowagner9@gmail.com | G13: 1122694908 | H13: Ileana cohen | I13: ilecohen@gmail.com | J13: 1150439693 | K13: Hernán Wagner | L13: hernanmwagner@gmail.com | M13: 1135850300 | N13: Ort | O13: No | P13: Fútbol | Q13: Nedarim | R13: Sin restricciones | S13: AZUL | T13: =IFS(SUM(IFNA(MATCH($B13,'DIVISION 15'!$A$2:$H$2,0),""),IFNA(MATCH($B13,'DIVISION 15'!$A$3:$H$3,0),""),IFNA(MATCH($B13,'DIVISION 15'!$A$4:$H$4,0),""),IFNA(MATCH($B13,'DIVISION 15'!$A$5:$H$5,0),""),IFNA(MATCH($B13,'DIVISION 15'!$A$6:$H$6,0),""),IFNA(MATCH($B13,'DIVISION 15'!$A$7:$H$7,0),""),IFNA(MATCH($B13,'DIVISION 15'!$A$8:$H$8,0),""),IFNA(MATCH($B13,'DIVISION 15'!$A$9:$H$9,0),""),IFNA(MATCH($B13,'DIVISION 15'!$A$10:$H$10,0),""),IFNA(MATCH($B13,'DIVISION 15'!$A$11:$H$11,0),""),IFNA(MATCH($B13,'DIVISION 15'!$A$12:$H$12,0),""),IFNA(MATCH($B13,'DIVISION 15'!$A$13:$H$13,0),""),IFNA(MATCH($B13,'DIVISION 15'!$A$14:$H$14,0),""),IFNA(MATCH($B13,'DIVISION 15'!$A$15:$H$15,0),""),IFNA(MATCH($B13,'DIVISION 15'!$A$16:$H$16,0),""),IFNA(MATCH($B13,'DIVISION 15'!$A$17:$H$17,0),""),IFNA(MATCH($B13,'DIVISION 15'!$A$18:$H$18,0),""))=1,'DIVISION 15'!$A$1,SUM(IFNA(MATCH($B13,'DIVISION 15'!$A$2:$H$2,0),""),IFNA(MATCH($B13,'DIVISION 15'!$A$3:$H$3,0),""),IFNA(MATCH($B13,'DIVISION 15'!$A$4:$H$4,0),""),IFNA(MATCH($B13,'DIVISION 15'!$A$5:$H$5,0),""),IFNA(MATCH($B13,'DIVISION 15'!$A$6:$H$6,0),""),IFNA(MATCH($B13,'DIVISION 15'!$A$7:$H$7,0),""),IFNA(MATCH($B13,'DIVISION 15'!$A$8:$H$8,0),""),IFNA(MATCH($B13,'DIVISION 15'!$A$9:$H$9,0),""),IFNA(MATCH($B13,'DIVISION 15'!$A$10:$H$10,0),""),IFNA(MATCH($B13,'DIVISION 15'!$A$11:$H$11,0),""),IFNA(MATCH($B13,'DIVISION 15'!$A$12:$H$12,0),""),IFNA(MATCH($B13,'DIVISION 15'!$A$13:$H$13,0),""),IFNA(MATCH($B13,'DIVISION 15'!$A$14:$H$14,0),""),IFNA(MATCH($B13,'DIVISION 15'!$A$15:$H$15,0),""),IFNA(MATCH($B13,'DIVISION 15'!$A$16:$H$16,0),""),IFNA(MATCH($B13,'DIVISION 15'!$A$17:$H$17,0),""),IFNA(MATCH($B13,'DIVISION 15'!$A$18:$H$18,0),""))=2,'DIVISION 15'!$B$1,SUM(IFNA(MATCH($B13,'DIVISION 15'!$A$2:$H$2,0),""),IFNA(MATCH($B13,'DIVISION 15'!$A$3:$H$3,0),""),IFNA(MATCH($B13,'DIVISION 15'!$A$4:$H$4,0),""),IFNA(MATCH($B13,'DIVISION 15'!$A$5:$H$5,0),""),IFNA(MATCH($B13,'DIVISION 15'!$A$6:$H$6,0),""),IFNA(MATCH($B13,'DIVISION 15'!$A$7:$H$7,0),""),IFNA(MATCH($B13,'DIVISION 15'!$A$8:$H$8,0),""),IFNA(MATCH($B13,'DIVISION 15'!$A$9:$H$9,0),""),IFNA(MATCH($B13,'DIVISION 15'!$A$10:$H$10,0),""),IFNA(MATCH($B13,'DIVISION 15'!$A$11:$H$11,0),""),IFNA(MATCH($B13,'DIVISION 15'!$A$12:$H$12,0),""),IFNA(MATCH($B13,'DIVISION 15'!$A$13:$H$13,0),""),IFNA(MATCH($B13,'DIVISION 15'!$A$14:$H$14,0),""),IFNA(MATCH($B13,'DIVISION 15'!$A$15:$H$15,0),""),IFNA(MATCH($B13,'DIVISION 15'!$A$16:$H$16,0),""),IFNA(MATCH($B13,'DIVISION 15'!$A$17:$H$17,0),""),IFNA(MATCH($B13,'DIVISION 15'!$A$18:$H$18,0),""))=3,'DIVISION 15'!$C$1,SUM(IFNA(MATCH($B13,'DIVISION 15'!$A$2:$H$2,0),""),IFNA(MATCH($B13,'DIVISION 15'!$A$3:$H$3,0),""),IFNA(MATCH($B13,'DIVISION 15'!$A$4:$H$4,0),""),IFNA(MATCH($B13,'DIVISION 15'!$A$5:$H$5,0),""),IFNA(MATCH($B13,'DIVISION 15'!$A$6:$H$6,0),""),IFNA(MATCH($B13,'DIVISION 15'!$A$7:$H$7,0),""),IFNA(MATCH($B13,'DIVISION 15'!$A$8:$H$8,0),""),IFNA(MATCH($B13,'DIVISION 15'!$A$9:$H$9,0),""),IFNA(MATCH($B13,'DIVISION 15'!$A$10:$H$10,0),""),IFNA(MATCH($B13,'DIVISION 15'!$A$11:$H$11,0),""),IFNA(MATCH($B13,'DIVISION 15'!$A$12:$H$12,0),""),IFNA(MATCH($B13,'DIVISION 15'!$A$13:$H$13,0),""),IFNA(MATCH($B13,'DIVISION 15'!$A$14:$H$14,0),""),IFNA(MATCH($B13,'DIVISION 15'!$A$15:$H$15,0),""),IFNA(MATCH($B13,'DIVISION 15'!$A$16:$H$16,0),""),IFNA(MATCH($B13,'DIVISION 15'!$A$17:$H$17,0),""),IFNA(MATCH($B13,'DIVISION 15'!$A$18:$H$18,0),""))=4,'DIVISION 15'!$D$1,SUM(IFNA(MATCH($B13,'DIVISION 15'!$A$2:$H$2,0),""),IFNA(MATCH($B13,'DIVISION 15'!$A$3:$H$3,0),""),IFNA(MATCH($B13,'DIVISION 15'!$A$4:$H$4,0),""),IFNA(MATCH($B13,'DIVISION 15'!$A$5:$H$5,0),""),IFNA(MATCH($B13,'DIVISION 15'!$A$6:$H$6,0),""),IFNA(MATCH($B13,'DIVISION 15'!$A$7:$H$7,0),""),IFNA(MATCH($B13,'DIVISION 15'!$A$8:$H$8,0),""),IFNA(MATCH($B13,'DIVISION 15'!$A$9:$H$9,0),""),IFNA(MATCH($B13,'DIVISION 15'!$A$10:$H$10,0),""),IFNA(MATCH($B13,'DIVISION 15'!$A$11:$H$11,0),""),IFNA(MATCH($B13,'DIVISION 15'!$A$12:$H$12,0),""),IFNA(MATCH($B13,'DIVISION 15'!$A$13:$H$13,0),""),IFNA(MATCH($B13,'DIVISION 15'!$A$14:$H$14,0),""),IFNA(MATCH($B13,'DIVISION 15'!$A$15:$H$15,0),""),IFNA(MATCH($B13,'DIVISION 15'!$A$16:$H$16,0),""),IFNA(MATCH($B13,'DIVISION 15'!$A$17:$H$17,0),""),IFNA(MATCH($B13,'DIVISION 15'!$A$18:$H$18,0),""))=5,'DIVISION 15'!$E$1,SUM(IFNA(MATCH($B13,'DIVISION 15'!$A$2:$H$2,0),""),IFNA(MATCH($B13,'DIVISION 15'!$A$3:$H$3,0),""),IFNA(MATCH($B13,'DIVISION 15'!$A$4:$H$4,0),""),IFNA(MATCH($B13,'DIVISION 15'!$A$5:$H$5,0),""),IFNA(MATCH($B13,'DIVISION 15'!$A$6:$H$6,0),""),IFNA(MATCH($B13,'DIVISION 15'!$A$7:$H$7,0),""),IFNA(MATCH($B13,'DIVISION 15'!$A$8:$H$8,0),""),IFNA(MATCH($B13,'DIVISION 15'!$A$9:$H$9,0),""),IFNA(MATCH($B13,'DIVISION 15'!$A$10:$H$10,0),""),IFNA(MATCH($B13,'DIVISION 15'!$A$11:$H$11,0),""),IFNA(MATCH($B13,'DIVISION 15'!$A$12:$H$12,0),""),IFNA(MATCH($B13,'DIVISION 15'!$A$13:$H$13,0),""),IFNA(MATCH($B13,'DIVISION 15'!$A$14:$H$14,0),""),IFNA(MATCH($B13,'DIVISION 15'!$A$15:$H$15,0),""),IFNA(MATCH($B13,'DIVISION 15'!$A$16:$H$16,0),""),IFNA(MATCH($B13,'DIVISION 15'!$A$17:$H$17,0),""),IFNA(MATCH($B13,'DIVISION 15'!$A$18:$H$18,0),""))=6,'DIVISION 15'!$F$1,SUM(IFNA(MATCH($B13,'DIVISION 15'!$A$2:$H$2,0),""),IFNA(MATCH($B13,'DIVISION 15'!$A$3:$H$3,0),""),IFNA(MATCH($B13,'DIVISION 15'!$A$4:$H$4,0),""),IFNA(MATCH($B13,'DIVISION 15'!$A$5:$H$5,0),""),IFNA(MATCH($B13,'DIVISION 15'!$A$6:$H$6,0),""),IFNA(MATCH($B13,'DIVISION 15'!$A$7:$H$7,0),""),IFNA(MATCH($B13,'DIVISION 15'!$A$8:$H$8,0),""),IFNA(MATCH($B13,'DIVISION 15'!$A$9:$H$9,0),""),IFNA(MATCH($B13,'DIVISION 15'!$A$10:$H$10,0),""),IFNA(MATCH($B13,'DIVISION 15'!$A$11:$H$11,0),""),IFNA(MATCH($B13,'DIVISION 15'!$A$12:$H$12,0),""),IFNA(MATCH($B13,'DIVISION 15'!$A$13:$H$13,0),""),IFNA(MATCH($B13,'DIVISION 15'!$A$14:$H$14,0),""),IFNA(MATCH($B13,'DIVISION 15'!$A$15:$H$15,0),""),IFNA(MATCH($B13,'DIVISION 15'!$A$16:$H$16,0),""),IFNA(MATCH($B13,'DIVISION 15'!$A$17:$H$17,0),""),IFNA(MATCH($B13,'DIVISION 15'!$A$18:$H$18,0),""))=7,'DIVISION 15'!$G$1,SUM(IFNA(MATCH($B13,'DIVISION 15'!$A$2:$H$2,0),""),IFNA(MATCH($B13,'DIVISION 15'!$A$3:$H$3,0),""),IFNA(MATCH($B13,'DIVISION 15'!$A$4:$H$4,0),""),IFNA(MATCH($B13,'DIVISION 15'!$A$5:$H$5,0),""),IFNA(MATCH($B13,'DIVISION 15'!$A$6:$H$6,0),""),IFNA(MATCH($B13,'DIVISION 15'!$A$7:$H$7,0),""),IFNA(MATCH($B13,'DIVISION 15'!$A$8:$H$8,0),""),IFNA(MATCH($B13,'DIVISION 15'!$A$9:$H$9,0),""),IFNA(MATCH($B13,'DIVISION 15'!$A$10:$H$10,0),""),IFNA(MATCH($B13,'DIVISION 15'!$A$11:$H$11,0),""),IFNA(MATCH($B13,'DIVISION 15'!$A$12:$H$12,0),""),IFNA(MATCH($B13,'DIVISION 15'!$A$13:$H$13,0),""),IFNA(MATCH($B13,'DIVISION 15'!$A$14:$H$14,0),""),IFNA(MATCH($B13,'DIVISION 15'!$A$15:$H$15,0),""),IFNA(MATCH($B13,'DIVISION 15'!$A$16:$H$16,0),""),IFNA(MATCH($B13,'DIVISION 15'!$A$17:$H$17,0),""),IFNA(MATCH($B13,'DIVISION 15'!$A$18:$H$18,0),""))=8,'DIVISION 15'!$H$1) -> GASTI | U13: =T13&COUNTIF($T$1:T13,T13) -> GASTI1 | V13: =SUMIF(AsistenciaViewJetAdmin!$A$3:$A$101,A13,AsistenciaViewJetAdmin!$C$3:$C$101)/(COUNTIF(AsistenciaViewJetAdmin!$D$102:V$102,">0")+COUNTIF(ActividadesEspeciales!$D$102:V$102,">0"))*100 -> 78.723404
A14: 207 | B14: Tatiana Schijman | C14: 1177302 | D14: 40391 | E14: 49905962 | F14: tatianaschijman@gmail.com | G14: 1136679587 | H14: Marcelo Schijman | I14: marcelo.schijman@gmail.com | J14: 11-4415-2624 | K14: Verónica Waiman | L14: veronicawaiman@hotmail.com | M14: 11-5666-9080 | N14: Buber | O14: No | P14: No | Q14: Jashibut | R14: Sin restricciones | S14: AZUL | T14: =IFS(SUM(IFNA(MATCH($B14,'DIVISION 15'!$A$2:$H$2,0),""),IFNA(MATCH($B14,'DIVISION 15'!$A$3:$H$3,0),""),IFNA(MATCH($B14,'DIVISION 15'!$A$4:$H$4,0),""),IFNA(MATCH($B14,'DIVISION 15'!$A$5:$H$5,0),""),IFNA(MATCH($B14,'DIVISION 15'!$A$6:$H$6,0),""),IFNA(MATCH($B14,'DIVISION 15'!$A$7:$H$7,0),""),IFNA(MATCH($B14,'DIVISION 15'!$A$8:$H$8,0),""),IFNA(MATCH($B14,'DIVISION 15'!$A$9:$H$9,0),""),IFNA(MATCH($B14,'DIVISION 15'!$A$10:$H$10,0),""),IFNA(MATCH($B14,'DIVISION 15'!$A$11:$H$11,0),""),IFNA(MATCH($B14,'DIVISION 15'!$A$12:$H$12,0),""),IFNA(MATCH($B14,'DIVISION 15'!$A$13:$H$13,0),""),IFNA(MATCH($B14,'DIVISION 15'!$A$14:$H$14,0),""),IFNA(MATCH($B14,'DIVISION 15'!$A$15:$H$15,0),""),IFNA(MATCH($B14,'DIVISION 15'!$A$16:$H$16,0),""),IFNA(MATCH($B14,'DIVISION 15'!$A$17:$H$17,0),""),IFNA(MATCH($B14,'DIVISION 15'!$A$18:$H$18,0),""))=1,'DIVISION 15'!$A$1,SUM(IFNA(MATCH($B14,'DIVISION 15'!$A$2:$H$2,0),""),IFNA(MATCH($B14,'DIVISION 15'!$A$3:$H$3,0),""),IFNA(MATCH($B14,'DIVISION 15'!$A$4:$H$4,0),""),IFNA(MATCH($B14,'DIVISION 15'!$A$5:$H$5,0),""),IFNA(MATCH($B14,'DIVISION 15'!$A$6:$H$6,0),""),IFNA(MATCH($B14,'DIVISION 15'!$A$7:$H$7,0),""),IFNA(MATCH($B14,'DIVISION 15'!$A$8:$H$8,0),""),IFNA(MATCH($B14,'DIVISION 15'!$A$9:$H$9,0),""),IFNA(MATCH($B14,'DIVISION 15'!$A$10:$H$10,0),""),IFNA(MATCH($B14,'DIVISION 15'!$A$11:$H$11,0),""),IFNA(MATCH($B14,'DIVISION 15'!$A$12:$H$12,0),""),IFNA(MATCH($B14,'DIVISION 15'!$A$13:$H$13,0),""),IFNA(MATCH($B14,'DIVISION 15'!$A$14:$H$14,0),""),IFNA(MATCH($B14,'DIVISION 15'!$A$15:$H$15,0),""),IFNA(MATCH($B14,'DIVISION 15'!$A$16:$H$16,0),""),IFNA(MATCH($B14,'DIVISION 15'!$A$17:$H$17,0),""),IFNA(MATCH($B14,'DIVISION 15'!$A$18:$H$18,0),""))=2,'DIVISION 15'!$B$1,SUM(IFNA(MATCH($B14,'DIVISION 15'!$A$2:$H$2,0),""),IFNA(MATCH($B14,'DIVISION 15'!$A$3:$H$3,0),""),IFNA(MATCH($B14,'DIVISION 15'!$A$4:$H$4,0),""),IFNA(MATCH($B14,'DIVISION 15'!$A$5:$H$5,0),""),IFNA(MATCH($B14,'DIVISION 15'!$A$6:$H$6,0),""),IFNA(MATCH($B14,'DIVISION 15'!$A$7:$H$7,0),""),IFNA(MATCH($B14,'DIVISION 15'!$A$8:$H$8,0),""),IFNA(MATCH($B14,'DIVISION 15'!$A$9:$H$9,0),""),IFNA(MATCH($B14,'DIVISION 15'!$A$10:$H$10,0),""),IFNA(MATCH($B14,'DIVISION 15'!$A$11:$H$11,0),""),IFNA(MATCH($B14,'DIVISION 15'!$A$12:$H$12,0),""),IFNA(MATCH($B14,'DIVISION 15'!$A$13:$H$13,0),""),IFNA(MATCH($B14,'DIVISION 15'!$A$14:$H$14,0),""),IFNA(MATCH($B14,'DIVISION 15'!$A$15:$H$15,0),""),IFNA(MATCH($B14,'DIVISION 15'!$A$16:$H$16,0),""),IFNA(MATCH($B14,'DIVISION 15'!$A$17:$H$17,0),""),IFNA(MATCH($B14,'DIVISION 15'!$A$18:$H$18,0),""))=3,'DIVISION 15'!$C$1,SUM(IFNA(MATCH($B14,'DIVISION 15'!$A$2:$H$2,0),""),IFNA(MATCH($B14,'DIVISION 15'!$A$3:$H$3,0),""),IFNA(MATCH($B14,'DIVISION 15'!$A$4:$H$4,0),""),IFNA(MATCH($B14,'DIVISION 15'!$A$5:$H$5,0),""),IFNA(MATCH($B14,'DIVISION 15'!$A$6:$H$6,0),""),IFNA(MATCH($B14,'DIVISION 15'!$A$7:$H$7,0),""),IFNA(MATCH($B14,'DIVISION 15'!$A$8:$H$8,0),""),IFNA(MATCH($B14,'DIVISION 15'!$A$9:$H$9,0),""),IFNA(MATCH($B14,'DIVISION 15'!$A$10:$H$10,0),""),IFNA(MATCH($B14,'DIVISION 15'!$A$11:$H$11,0),""),IFNA(MATCH($B14,'DIVISION 15'!$A$12:$H$12,0),""),IFNA(MATCH($B14,'DIVISION 15'!$A$13:$H$13,0),""),IFNA(MATCH($B14,'DIVISION 15'!$A$14:$H$14,0),""),IFNA(MATCH($B14,'DIVISION 15'!$A$15:$H$15,0),""),IFNA(MATCH($B14,'DIVISION 15'!$A$16:$H$16,0),""),IFNA(MATCH($B14,'DIVISION 15'!$A$17:$H$17,0),""),IFNA(MATCH($B14,'DIVISION 15'!$A$18:$H$18,0),""))=4,'DIVISION 15'!$D$1,SUM(IFNA(MATCH($B14,'DIVISION 15'!$A$2:$H$2,0),""),IFNA(MATCH($B14,'DIVISION 15'!$A$3:$H$3,0),""),IFNA(MATCH($B14,'DIVISION 15'!$A$4:$H$4,0),""),IFNA(MATCH($B14,'DIVISION 15'!$A$5:$H$5,0),""),IFNA(MATCH($B14,'DIVISION 15'!$A$6:$H$6,0),""),IFNA(MATCH($B14,'DIVISION 15'!$A$7:$H$7,0),""),IFNA(MATCH($B14,'DIVISION 15'!$A$8:$H$8,0),""),IFNA(MATCH($B14,'DIVISION 15'!$A$9:$H$9,0),""),IFNA(MATCH($B14,'DIVISION 15'!$A$10:$H$10,0),""),IFNA(MATCH($B14,'DIVISION 15'!$A$11:$H$11,0),""),IFNA(MATCH($B14,'DIVISION 15'!$A$12:$H$12,0),""),IFNA(MATCH($B14,'DIVISION 15'!$A$13:$H$13,0),""),IFNA(MATCH($B14,'DIVISION 15'!$A$14:$H$14,0),""),IFNA(MATCH($B14,'DIVISION 15'!$A$15:$H$15,0),""),IFNA(MATCH($B14,'DIVISION 15'!$A$16:$H$16,0),""),IFNA(MATCH($B14,'DIVISION 15'!$A$17:$H$17,0),""),IFNA(MATCH($B14,'DIVISION 15'!$A$18:$H$18,0),""))=5,'DIVISION 15'!$E$1,SUM(IFNA(MATCH($B14,'DIVISION 15'!$A$2:$H$2,0),""),IFNA(MATCH($B14,'DIVISION 15'!$A$3:$H$3,0),""),IFNA(MATCH($B14,'DIVISION 15'!$A$4:$H$4,0),""),IFNA(MATCH($B14,'DIVISION 15'!$A$5:$H$5,0),""),IFNA(MATCH($B14,'DIVISION 15'!$A$6:$H$6,0),""),IFNA(MATCH($B14,'DIVISION 15'!$A$7:$H$7,0),""),IFNA(MATCH($B14,'DIVISION 15'!$A$8:$H$8,0),""),IFNA(MATCH($B14,'DIVISION 15'!$A$9:$H$9,0),""),IFNA(MATCH($B14,'DIVISION 15'!$A$10:$H$10,0),""),IFNA(MATCH($B14,'DIVISION 15'!$A$11:$H$11,0),""),IFNA(MATCH($B14,'DIVISION 15'!$A$12:$H$12,0),""),IFNA(MATCH($B14,'DIVISION 15'!$A$13:$H$13,0),""),IFNA(MATCH($B14,'DIVISION 15'!$A$14:$H$14,0),""),IFNA(MATCH($B14,'DIVISION 15'!$A$15:$H$15,0),""),IFNA(MATCH($B14,'DIVISION 15'!$A$16:$H$16,0),""),IFNA(MATCH($B14,'DIVISION 15'!$A$17:$H$17,0),""),IFNA(MATCH($B14,'DIVISION 15'!$A$18:$H$18,0),""))=6,'DIVISION 15'!$F$1,SUM(IFNA(MATCH($B14,'DIVISION 15'!$A$2:$H$2,0),""),IFNA(MATCH($B14,'DIVISION 15'!$A$3:$H$3,0),""),IFNA(MATCH($B14,'DIVISION 15'!$A$4:$H$4,0),""),IFNA(MATCH($B14,'DIVISION 15'!$A$5:$H$5,0),""),IFNA(MATCH($B14,'DIVISION 15'!$A$6:$H$6,0),""),IFNA(MATCH($B14,'DIVISION 15'!$A$7:$H$7,0),""),IFNA(MATCH($B14,'DIVISION 15'!$A$8:$H$8,0),""),IFNA(MATCH($B14,'DIVISION 15'!$A$9:$H$9,0),""),IFNA(MATCH($B14,'DIVISION 15'!$A$10:$H$10,0),""),IFNA(MATCH($B14,'DIVISION 15'!$A$11:$H$11,0),""),IFNA(MATCH($B14,'DIVISION 15'!$A$12:$H$12,0),""),IFNA(MATCH($B14,'DIVISION 15'!$A$13:$H$13,0),""),IFNA(MATCH($B14,'DIVISION 15'!$A$14:$H$14,0),""),IFNA(MATCH($B14,'DIVISION 15'!$A$15:$H$15,0),""),IFNA(MATCH($B14,'DIVISION 15'!$A$16:$H$16,0),""),IFNA(MATCH($B14,'DIVISION 15'!$A$17:$H$17,0),""),IFNA(MATCH($B14,'DIVISION 15'!$A$18:$H$18,0),""))=7,'DIVISION 15'!$G$1,SUM(IFNA(MATCH($B14,'DIVISION 15'!$A$2:$H$2,0),""),IFNA(MATCH($B14,'DIVISION 15'!$A$3:$H$3,0),""),IFNA(MATCH($B14,'DIVISION 15'!$A$4:$H$4,0),""),IFNA(MATCH($B14,'DIVISION 15'!$A$5:$H$5,0),""),IFNA(MATCH($B14,'DIVISION 15'!$A$6:$H$6,0),""),IFNA(MATCH($B14,'DIVISION 15'!$A$7:$H$7,0),""),IFNA(MATCH($B14,'DIVISION 15'!$A$8:$H$8,0),""),IFNA(MATCH($B14,'DIVISION 15'!$A$9:$H$9,0),""),IFNA(MATCH($B14,'DIVISION 15'!$A$10:$H$10,0),""),IFNA(MATCH($B14,'DIVISION 15'!$A$11:$H$11,0),""),IFNA(MATCH($B14,'DIVISION 15'!$A$12:$H$12,0),""),IFNA(MATCH($B14,'DIVISION 15'!$A$13:$H$13,0),""),IFNA(MATCH($B14,'DIVISION 15'!$A$14:$H$14,0),""),IFNA(MATCH($B14,'DIVISION 15'!$A$15:$H$15,0),""),IFNA(MATCH($B14,'DIVISION 15'!$A$16:$H$16,0),""),IFNA(MATCH($B14,'DIVISION 15'!$A$17:$H$17,0),""),IFNA(MATCH($B14,'DIVISION 15'!$A$18:$H$18,0),""))=8,'DIVISION 15'!$H$1) -> GASTI | U14: =T14&COUNTIF($T$1:T14,T14) -> GASTI2 | V14: =SUMIF(AsistenciaViewJetAdmin!$A$3:$A$101,A14,AsistenciaViewJetAdmin!$C$3:$C$101)/(COUNTIF(AsistenciaViewJetAdmin!$D$102:V$102,">0")+COUNTIF(ActividadesEspeciales!$D$102:V$102,">0"))*100 -> 72.340426
A15: 197 | B15: Tatiana Baratz | C15: 934103 | D15: 40155 | E15: 49551090 | F15: tatianabaratz7@gmail.com | G15: 1133356412 | H15: Vanesa Vuguin | I15: vuguinvanesa@yahoo.com | J15: 541145375295 | K15: Daniel Baratz | L15: danielbaratz@hotmail.com | M15: 1141414354 | N15: Ort | O15: Si Shorashim ( Maga Baratz) | P15: Nahace empezo y antes hockey | Q15: Jashibut | R15: Sin restricciones | S15: AZUL | T15: =IFS(SUM(IFNA(MATCH($B15,'DIVISION 15'!$A$2:$H$2,0),""),IFNA(MATCH($B15,'DIVISION 15'!$A$3:$H$3,0),""),IFNA(MATCH($B15,'DIVISION 15'!$A$4:$H$4,0),""),IFNA(MATCH($B15,'DIVISION 15'!$A$5:$H$5,0),""),IFNA(MATCH($B15,'DIVISION 15'!$A$6:$H$6,0),""),IFNA(MATCH($B15,'DIVISION 15'!$A$7:$H$7,0),""),IFNA(MATCH($B15,'DIVISION 15'!$A$8:$H$8,0),""),IFNA(MATCH($B15,'DIVISION 15'!$A$9:$H$9,0),""),IFNA(MATCH($B15,'DIVISION 15'!$A$10:$H$10,0),""),IFNA(MATCH($B15,'DIVISION 15'!$A$11:$H$11,0),""),IFNA(MATCH($B15,'DIVISION 15'!$A$12:$H$12,0),""),IFNA(MATCH($B15,'DIVISION 15'!$A$13:$H$13,0),""),IFNA(MATCH($B15,'DIVISION 15'!$A$14:$H$14,0),""),IFNA(MATCH($B15,'DIVISION 15'!$A$15:$H$15,0),""),IFNA(MATCH($B15,'DIVISION 15'!$A$16:$H$16,0),""),IFNA(MATCH($B15,'DIVISION 15'!$A$17:$H$17,0),""),IFNA(MATCH($B15,'DIVISION 15'!$A$18:$H$18,0),""))=1,'DIVISION 15'!$A$1,SUM(IFNA(MATCH($B15,'DIVISION 15'!$A$2:$H$2,0),""),IFNA(MATCH($B15,'DIVISION 15'!$A$3:$H$3,0),""),IFNA(MATCH($B15,'DIVISION 15'!$A$4:$H$4,0),""),IFNA(MATCH($B15,'DIVISION 15'!$A$5:$H$5,0),""),IFNA(MATCH($B15,'DIVISION 15'!$A$6:$H$6,0),""),IFNA(MATCH($B15,'DIVISION 15'!$A$7:$H$7,0),""),IFNA(MATCH($B15,'DIVISION 15'!$A$8:$H$8,0),""),IFNA(MATCH($B15,'DIVISION 15'!$A$9:$H$9,0),""),IFNA(MATCH($B15,'DIVISION 15'!$A$10:$H$10,0),""),IFNA(MATCH($B15,'DIVISION 15'!$A$11:$H$11,0),""),IFNA(MATCH($B15,'DIVISION 15'!$A$12:$H$12,0),""),IFNA(MATCH($B15,'DIVISION 15'!$A$13:$H$13,0),""),IFNA(MATCH($B15,'DIVISION 15'!$A$14:$H$14,0),""),IFNA(MATCH($B15,'DIVISION 15'!$A$15:$H$15,0),""),IFNA(MATCH($B15,'DIVISION 15'!$A$16:$H$16,0),""),IFNA(MATCH($B15,'DIVISION 15'!$A$17:$H$17,0),""),IFNA(MATCH($B15,'DIVISION 15'!$A$18:$H$18,0),""))=2,'DIVISION 15'!$B$1,SUM(IFNA(MATCH($B15,'DIVISION 15'!$A$2:$H$2,0),""),IFNA(MATCH($B15,'DIVISION 15'!$A$3:$H$3,0),""),IFNA(MATCH($B15,'DIVISION 15'!$A$4:$H$4,0),""),IFNA(MATCH($B15,'DIVISION 15'!$A$5:$H$5,0),""),IFNA(MATCH($B15,'DIVISION 15'!$A$6:$H$6,0),""),IFNA(MATCH($B15,'DIVISION 15'!$A$7:$H$7,0),""),IFNA(MATCH($B15,'DIVISION 15'!$A$8:$H$8,0),""),IFNA(MATCH($B15,'DIVISION 15'!$A$9:$H$9,0),""),IFNA(MATCH($B15,'DIVISION 15'!$A$10:$H$10,0),""),IFNA(MATCH($B15,'DIVISION 15'!$A$11:$H$11,0),""),IFNA(MATCH($B15,'DIVISION 15'!$A$12:$H$12,0),""),IFNA(MATCH($B15,'DIVISION 15'!$A$13:$H$13,0),""),IFNA(MATCH($B15,'DIVISION 15'!$A$14:$H$14,0),""),IFNA(MATCH($B15,'DIVISION 15'!$A$15:$H$15,0),""),IFNA(MATCH($B15,'DIVISION 15'!$A$16:$H$16,0),""),IFNA(MATCH($B15,'DIVISION 15'!$A$17:$H$17,0),""),IFNA(MATCH($B15,'DIVISION 15'!$A$18:$H$18,0),""))=3,'DIVISION 15'!$C$1,SUM(IFNA(MATCH($B15,'DIVISION 15'!$A$2:$H$2,0),""),IFNA(MATCH($B15,'DIVISION 15'!$A$3:$H$3,0),""),IFNA(MATCH($B15,'DIVISION 15'!$A$4:$H$4,0),""),IFNA(MATCH($B15,'DIVISION 15'!$A$5:$H$5,0),""),IFNA(MATCH($B15,'DIVISION 15'!$A$6:$H$6,0),""),IFNA(MATCH($B15,'DIVISION 15'!$A$7:$H$7,0),""),IFNA(MATCH($B15,'DIVISION 15'!$A$8:$H$8,0),""),IFNA(MATCH($B15,'DIVISION 15'!$A$9:$H$9,0),""),IFNA(MATCH($B15,'DIVISION 15'!$A$10:$H$10,0),""),IFNA(MATCH($B15,'DIVISION 15'!$A$11:$H$11,0),""),IFNA(MATCH($B15,'DIVISION 15'!$A$12:$H$12,0),""),IFNA(MATCH($B15,'DIVISION 15'!$A$13:$H$13,0),""),IFNA(MATCH($B15,'DIVISION 15'!$A$14:$H$14,0),""),IFNA(MATCH($B15,'DIVISION 15'!$A$15:$H$15,0),""),IFNA(MATCH($B15,'DIVISION 15'!$A$16:$H$16,0),""),IFNA(MATCH($B15,'DIVISION 15'!$A$17:$H$17,0),""),IFNA(MATCH($B15,'DIVISION 15'!$A$18:$H$18,0),""))=4,'DIVISION 15'!$D$1,SUM(IFNA(MATCH($B15,'DIVISION 15'!$A$2:$H$2,0),""),IFNA(MATCH($B15,'DIVISION 15'!$A$3:$H$3,0),""),IFNA(MATCH($B15,'DIVISION 15'!$A$4:$H$4,0),""),IFNA(MATCH($B15,'DIVISION 15'!$A$5:$H$5,0),""),IFNA(MATCH($B15,'DIVISION 15'!$A$6:$H$6,0),""),IFNA(MATCH($B15,'DIVISION 15'!$A$7:$H$7,0),""),IFNA(MATCH($B15,'DIVISION 15'!$A$8:$H$8,0),""),IFNA(MATCH($B15,'DIVISION 15'!$A$9:$H$9,0),""),IFNA(MATCH($B15,'DIVISION 15'!$A$10:$H$10,0),""),IFNA(MATCH($B15,'DIVISION 15'!$A$11:$H$11,0),""),IFNA(MATCH($B15,'DIVISION 15'!$A$12:$H$12,0),""),IFNA(MATCH($B15,'DIVISION 15'!$A$13:$H$13,0),""),IFNA(MATCH($B15,'DIVISION 15'!$A$14:$H$14,0),""),IFNA(MATCH($B15,'DIVISION 15'!$A$15:$H$15,0),""),IFNA(MATCH($B15,'DIVISION 15'!$A$16:$H$16,0),""),IFNA(MATCH($B15,'DIVISION 15'!$A$17:$H$17,0),""),IFNA(MATCH($B15,'DIVISION 15'!$A$18:$H$18,0),""))=5,'DIVISION 15'!$E$1,SUM(IFNA(MATCH($B15,'DIVISION 15'!$A$2:$H$2,0),""),IFNA(MATCH($B15,'DIVISION 15'!$A$3:$H$3,0),""),IFNA(MATCH($B15,'DIVISION 15'!$A$4:$H$4,0),""),IFNA(MATCH($B15,'DIVISION 15'!$A$5:$H$5,0),""),IFNA(MATCH($B15,'DIVISION 15'!$A$6:$H$6,0),""),IFNA(MATCH($B15,'DIVISION 15'!$A$7:$H$7,0),""),IFNA(MATCH($B15,'DIVISION 15'!$A$8:$H$8,0),""),IFNA(MATCH($B15,'DIVISION 15'!$A$9:$H$9,0),""),IFNA(MATCH($B15,'DIVISION 15'!$A$10:$H$10,0),""),IFNA(MATCH($B15,'DIVISION 15'!$A$11:$H$11,0),""),IFNA(MATCH($B15,'DIVISION 15'!$A$12:$H$12,0),""),IFNA(MATCH($B15,'DIVISION 15'!$A$13:$H$13,0),""),IFNA(MATCH($B15,'DIVISION 15'!$A$14:$H$14,0),""),IFNA(MATCH($B15,'DIVISION 15'!$A$15:$H$15,0),""),IFNA(MATCH($B15,'DIVISION 15'!$A$16:$H$16,0),""),IFNA(MATCH($B15,'DIVISION 15'!$A$17:$H$17,0),""),IFNA(MATCH($B15,'DIVISION 15'!$A$18:$H$18,0),""))=6,'DIVISION 15'!$F$1,SUM(IFNA(MATCH($B15,'DIVISION 15'!$A$2:$H$2,0),""),IFNA(MATCH($B15,'DIVISION 15'!$A$3:$H$3,0),""),IFNA(MATCH($B15,'DIVISION 15'!$A$4:$H$4,0),""),IFNA(MATCH($B15,'DIVISION 15'!$A$5:$H$5,0),""),IFNA(MATCH($B15,'DIVISION 15'!$A$6:$H$6,0),""),IFNA(MATCH($B15,'DIVISION 15'!$A$7:$H$7,0),""),IFNA(MATCH($B15,'DIVISION 15'!$A$8:$H$8,0),""),IFNA(MATCH($B15,'DIVISION 15'!$A$9:$H$9,0),""),IFNA(MATCH($B15,'DIVISION 15'!$A$10:$H$10,0),""),IFNA(MATCH($B15,'DIVISION 15'!$A$11:$H$11,0),""),IFNA(MATCH($B15,'DIVISION 15'!$A$12:$H$12,0),""),IFNA(MATCH($B15,'DIVISION 15'!$A$13:$H$13,0),""),IFNA(MATCH($B15,'DIVISION 15'!$A$14:$H$14,0),""),IFNA(MATCH($B15,'DIVISION 15'!$A$15:$H$15,0),""),IFNA(MATCH($B15,'DIVISION 15'!$A$16:$H$16,0),""),IFNA(MATCH($B15,'DIVISION 15'!$A$17:$H$17,0),""),IFNA(MATCH($B15,'DIVISION 15'!$A$18:$H$18,0),""))=7,'DIVISION 15'!$G$1,SUM(IFNA(MATCH($B15,'DIVISION 15'!$A$2:$H$2,0),""),IFNA(MATCH($B15,'DIVISION 15'!$A$3:$H$3,0),""),IFNA(MATCH($B15,'DIVISION 15'!$A$4:$H$4,0),""),IFNA(MATCH($B15,'DIVISION 15'!$A$5:$H$5,0),""),IFNA(MATCH($B15,'DIVISION 15'!$A$6:$H$6,0),""),IFNA(MATCH($B15,'DIVISION 15'!$A$7:$H$7,0),""),IFNA(MATCH($B15,'DIVISION 15'!$A$8:$H$8,0),""),IFNA(MATCH($B15,'DIVISION 15'!$A$9:$H$9,0),""),IFNA(MATCH($B15,'DIVISION 15'!$A$10:$H$10,0),""),IFNA(MATCH($B15,'DIVISION 15'!$A$11:$H$11,0),""),IFNA(MATCH($B15,'DIVISION 15'!$A$12:$H$12,0),""),IFNA(MATCH($B15,'DIVISION 15'!$A$13:$H$13,0),""),IFNA(MATCH($B15,'DIVISION 15'!$A$14:$H$14,0),""),IFNA(MATCH($B15,'DIVISION 15'!$A$15:$H$15,0),""),IFNA(MATCH($B15,'DIVISION 15'!$A$16:$H$16,0),""),IFNA(MATCH($B15,'DIVISION 15'!$A$17:$H$17,0),""),IFNA(MATCH($B15,'DIVISION 15'!$A$18:$H$18,0),""))=8,'DIVISION 15'!$H$1) -> MELU | U15: =T15&COUNTIF($T$1:T15,T15) -> MELU1 | V15: =SUMIF(AsistenciaViewJetAdmin!$A$3:$A$101,A15,AsistenciaViewJetAdmin!$C$3:$C$101)/(COUNTIF(AsistenciaViewJetAdmin!$D$102:V$102,">0")+COUNTIF(ActividadesEspeciales!$D$102:V$102,">0"))*100 -> 78.723404
A16: 215 | B16: Tali Avram | C16: 955902 | D16: 31/03/2010 | E16: 50233942 | F16: tali@avram.com.ar | G16: 1124529180 | H16: Gabriel Avram | I16: gaby@avram.com.ar | J16: 1164616346 | K16: Debora Dessel | L16: Debora@dessel.com.ar | M16: 1157290875 | N16: Ort | O16: Bogrim mayor | P16: Futbol | Q16: Nedarim | R16: Sin restricciones | S16: AZUL | T16: =IFS(SUM(IFNA(MATCH($B16,'DIVISION 15'!$A$2:$H$2,0),""),IFNA(MATCH($B16,'DIVISION 15'!$A$3:$H$3,0),""),IFNA(MATCH($B16,'DIVISION 15'!$A$4:$H$4,0),""),IFNA(MATCH($B16,'DIVISION 15'!$A$5:$H$5,0),""),IFNA(MATCH($B16,'DIVISION 15'!$A$6:$H$6,0),""),IFNA(MATCH($B16,'DIVISION 15'!$A$7:$H$7,0),""),IFNA(MATCH($B16,'DIVISION 15'!$A$8:$H$8,0),""),IFNA(MATCH($B16,'DIVISION 15'!$A$9:$H$9,0),""),IFNA(MATCH($B16,'DIVISION 15'!$A$10:$H$10,0),""),IFNA(MATCH($B16,'DIVISION 15'!$A$11:$H$11,0),""),IFNA(MATCH($B16,'DIVISION 15'!$A$12:$H$12,0),""),IFNA(MATCH($B16,'DIVISION 15'!$A$13:$H$13,0),""),IFNA(MATCH($B16,'DIVISION 15'!$A$14:$H$14,0),""),IFNA(MATCH($B16,'DIVISION 15'!$A$15:$H$15,0),""),IFNA(MATCH($B16,'DIVISION 15'!$A$16:$H$16,0),""),IFNA(MATCH($B16,'DIVISION 15'!$A$17:$H$17,0),""),IFNA(MATCH($B16,'DIVISION 15'!$A$18:$H$18,0),""))=1,'DIVISION 15'!$A$1,SUM(IFNA(MATCH($B16,'DIVISION 15'!$A$2:$H$2,0),""),IFNA(MATCH($B16,'DIVISION 15'!$A$3:$H$3,0),""),IFNA(MATCH($B16,'DIVISION 15'!$A$4:$H$4,0),""),IFNA(MATCH($B16,'DIVISION 15'!$A$5:$H$5,0),""),IFNA(MATCH($B16,'DIVISION 15'!$A$6:$H$6,0),""),IFNA(MATCH($B16,'DIVISION 15'!$A$7:$H$7,0),""),IFNA(MATCH($B16,'DIVISION 15'!$A$8:$H$8,0),""),IFNA(MATCH($B16,'DIVISION 15'!$A$9:$H$9,0),""),IFNA(MATCH($B16,'DIVISION 15'!$A$10:$H$10,0),""),IFNA(MATCH($B16,'DIVISION 15'!$A$11:$H$11,0),""),IFNA(MATCH($B16,'DIVISION 15'!$A$12:$H$12,0),""),IFNA(MATCH($B16,'DIVISION 15'!$A$13:$H$13,0),""),IFNA(MATCH($B16,'DIVISION 15'!$A$14:$H$14,0),""),IFNA(MATCH($B16,'DIVISION 15'!$A$15:$H$15,0),""),IFNA(MATCH($B16,'DIVISION 15'!$A$16:$H$16,0),""),IFNA(MATCH($B16,'DIVISION 15'!$A$17:$H$17,0),""),IFNA(MATCH($B16,'DIVISION 15'!$A$18:$H$18,0),""))=2,'DIVISION 15'!$B$1,SUM(IFNA(MATCH($B16,'DIVISION 15'!$A$2:$H$2,0),""),IFNA(MATCH($B16,'DIVISION 15'!$A$3:$H$3,0),""),IFNA(MATCH($B16,'DIVISION 15'!$A$4:$H$4,0),""),IFNA(MATCH($B16,'DIVISION 15'!$A$5:$H$5,0),""),IFNA(MATCH($B16,'DIVISION 15'!$A$6:$H$6,0),""),IFNA(MATCH($B16,'DIVISION 15'!$A$7:$H$7,0),""),IFNA(MATCH($B16,'DIVISION 15'!$A$8:$H$8,0),""),IFNA(MATCH($B16,'DIVISION 15'!$A$9:$H$9,0),""),IFNA(MATCH($B16,'DIVISION 15'!$A$10:$H$10,0),""),IFNA(MATCH($B16,'DIVISION 15'!$A$11:$H$11,0),""),IFNA(MATCH($B16,'DIVISION 15'!$A$12:$H$12,0),""),IFNA(MATCH($B16,'DIVISION 15'!$A$13:$H$13,0),""),IFNA(MATCH($B16,'DIVISION 15'!$A$14:$H$14,0),""),IFNA(MATCH($B16,'DIVISION 15'!$A$15:$H$15,0),""),IFNA(MATCH($B16,'DIVISION 15'!$A$16:$H$16,0),""),IFNA(MATCH($B16,'DIVISION 15'!$A$17:$H$17,0),""),IFNA(MATCH($B16,'DIVISION 15'!$A$18:$H$18,0),""))=3,'DIVISION 15'!$C$1,SUM(IFNA(MATCH($B16,'DIVISION 15'!$A$2:$H$2,0),""),IFNA(MATCH($B16,'DIVISION 15'!$A$3:$H$3,0),""),IFNA(MATCH($B16,'DIVISION 15'!$A$4:$H$4,0),""),IFNA(MATCH($B16,'DIVISION 15'!$A$5:$H$5,0),""),IFNA(MATCH($B16,'DIVISION 15'!$A$6:$H$6,0),""),IFNA(MATCH($B16,'DIVISION 15'!$A$7:$H$7,0),""),IFNA(MATCH($B16,'DIVISION 15'!$A$8:$H$8,0),""),IFNA(MATCH($B16,'DIVISION 15'!$A$9:$H$9,0),""),IFNA(MATCH($B16,'DIVISION 15'!$A$10:$H$10,0),""),IFNA(MATCH($B16,'DIVISION 15'!$A$11:$H$11,0),""),IFNA(MATCH($B16,'DIVISION 15'!$A$12:$H$12,0),""),IFNA(MATCH($B16,'DIVISION 15'!$A$13:$H$13,0),""),IFNA(MATCH($B16,'DIVISION 15'!$A$14:$H$14,0),""),IFNA(MATCH($B16,'DIVISION 15'!$A$15:$H$15,0),""),IFNA(MATCH($B16,'DIVISION 15'!$A$16:$H$16,0),""),IFNA(MATCH($B16,'DIVISION 15'!$A$17:$H$17,0),""),IFNA(MATCH($B16,'DIVISION 15'!$A$18:$H$18,0),""))=4,'DIVISION 15'!$D$1,SUM(IFNA(MATCH($B16,'DIVISION 15'!$A$2:$H$2,0),""),IFNA(MATCH($B16,'DIVISION 15'!$A$3:$H$3,0),""),IFNA(MATCH($B16,'DIVISION 15'!$A$4:$H$4,0),""),IFNA(MATCH($B16,'DIVISION 15'!$A$5:$H$5,0),""),IFNA(MATCH($B16,'DIVISION 15'!$A$6:$H$6,0),""),IFNA(MATCH($B16,'DIVISION 15'!$A$7:$H$7,0),""),IFNA(MATCH($B16,'DIVISION 15'!$A$8:$H$8,0),""),IFNA(MATCH($B16,'DIVISION 15'!$A$9:$H$9,0),""),IFNA(MATCH($B16,'DIVISION 15'!$A$10:$H$10,0),""),IFNA(MATCH($B16,'DIVISION 15'!$A$11:$H$11,0),""),IFNA(MATCH($B16,'DIVISION 15'!$A$12:$H$12,0),""),IFNA(MATCH($B16,'DIVISION 15'!$A$13:$H$13,0),""),IFNA(MATCH($B16,'DIVISION 15'!$A$14:$H$14,0),""),IFNA(MATCH($B16,'DIVISION 15'!$A$15:$H$15,0),""),IFNA(MATCH($B16,'DIVISION 15'!$A$16:$H$16,0),""),IFNA(MATCH($B16,'DIVISION 15'!$A$17:$H$17,0),""),IFNA(MATCH($B16,'DIVISION 15'!$A$18:$H$18,0),""))=5,'DIVISION 15'!$E$1,SUM(IFNA(MATCH($B16,'DIVISION 15'!$A$2:$H$2,0),""),IFNA(MATCH($B16,'DIVISION 15'!$A$3:$H$3,0),""),IFNA(MATCH($B16,'DIVISION 15'!$A$4:$H$4,0),""),IFNA(MATCH($B16,'DIVISION 15'!$A$5:$H$5,0),""),IFNA(MATCH($B16,'DIVISION 15'!$A$6:$H$6,0),""),IFNA(MATCH($B16,'DIVISION 15'!$A$7:$H$7,0),""),IFNA(MATCH($B16,'DIVISION 15'!$A$8:$H$8,0),""),IFNA(MATCH($B16,'DIVISION 15'!$A$9:$H$9,0),""),IFNA(MATCH($B16,'DIVISION 15'!$A$10:$H$10,0),""),IFNA(MATCH($B16,'DIVISION 15'!$A$11:$H$11,0),""),IFNA(MATCH($B16,'DIVISION 15'!$A$12:$H$12,0),""),IFNA(MATCH($B16,'DIVISION 15'!$A$13:$H$13,0),""),IFNA(MATCH($B16,'DIVISION 15'!$A$14:$H$14,0),""),IFNA(MATCH($B16,'DIVISION 15'!$A$15:$H$15,0),""),IFNA(MATCH($B16,'DIVISION 15'!$A$16:$H$16,0),""),IFNA(MATCH($B16,'DIVISION 15'!$A$17:$H$17,0),""),IFNA(MATCH($B16,'DIVISION 15'!$A$18:$H$18,0),""))=6,'DIVISION 15'!$F$1,SUM(IFNA(MATCH($B16,'DIVISION 15'!$A$2:$H$2,0),""),IFNA(MATCH($B16,'DIVISION 15'!$A$3:$H$3,0),""),IFNA(MATCH($B16,'DIVISION 15'!$A$4:$H$4,0),""),IFNA(MATCH($B16,'DIVISION 15'!$A$5:$H$5,0),""),IFNA(MATCH($B16,'DIVISION 15'!$A$6:$H$6,0),""),IFNA(MATCH($B16,'DIVISION 15'!$A$7:$H$7,0),""),IFNA(MATCH($B16,'DIVISION 15'!$A$8:$H$8,0),""),IFNA(MATCH($B16,'DIVISION 15'!$A$9:$H$9,0),""),IFNA(MATCH($B16,'DIVISION 15'!$A$10:$H$10,0),""),IFNA(MATCH($B16,'DIVISION 15'!$A$11:$H$11,0),""),IFNA(MATCH($B16,'DIVISION 15'!$A$12:$H$12,0),""),IFNA(MATCH($B16,'DIVISION 15'!$A$13:$H$13,0),""),IFNA(MATCH($B16,'DIVISION 15'!$A$14:$H$14,0),""),IFNA(MATCH($B16,'DIVISION 15'!$A$15:$H$15,0),""),IFNA(MATCH($B16,'DIVISION 15'!$A$16:$H$16,0),""),IFNA(MATCH($B16,'DIVISION 15'!$A$17:$H$17,0),""),IFNA(MATCH($B16,'DIVISION 15'!$A$18:$H$18,0),""))=7,'DIVISION 15'!$G$1,SUM(IFNA(MATCH($B16,'DIVISION 15'!$A$2:$H$2,0),""),IFNA(MATCH($B16,'DIVISION 15'!$A$3:$H$3,0),""),IFNA(MATCH($B16,'DIVISION 15'!$A$4:$H$4,0),""),IFNA(MATCH($B16,'DIVISION 15'!$A$5:$H$5,0),""),IFNA(MATCH($B16,'DIVISION 15'!$A$6:$H$6,0),""),IFNA(MATCH($B16,'DIVISION 15'!$A$7:$H$7,0),""),IFNA(MATCH($B16,'DIVISION 15'!$A$8:$H$8,0),""),IFNA(MATCH($B16,'DIVISION 15'!$A$9:$H$9,0),""),IFNA(MATCH($B16,'DIVISION 15'!$A$10:$H$10,0),""),IFNA(MATCH($B16,'DIVISION 15'!$A$11:$H$11,0),""),IFNA(MATCH($B16,'DIVISION 15'!$A$12:$H$12,0),""),IFNA(MATCH($B16,'DIVISION 15'!$A$13:$H$13,0),""),IFNA(MATCH($B16,'DIVISION 15'!$A$14:$H$14,0),""),IFNA(MATCH($B16,'DIVISION 15'!$A$15:$H$15,0),""),IFNA(MATCH($B16,'DIVISION 15'!$A$16:$H$16,0),""),IFNA(MATCH($B16,'DIVISION 15'!$A$17:$H$17,0),""),IFNA(MATCH($B16,'DIVISION 15'!$A$18:$H$18,0),""))=8,'DIVISION 15'!$H$1) -> LULI | U16: =T16&COUNTIF($T$1:T16,T16) -> LULI2 | V16: =SUMIF(AsistenciaViewJetAdmin!$A$3:$A$101,A16,AsistenciaViewJetAdmin!$C$3:$C$101)/(COUNTIF(AsistenciaViewJetAdmin!$D$102:V$102,">0")+COUNTIF(ActividadesEspeciales!$D$102:V$102,">0"))*100 -> 83.510638
A17: 143 | B17: Sol Wolff | C17: 973804 | D17: 28/06/2010 | E17: 50416932 | F17: solwolff10@gmail.com | G17: 1121572191 | H17: Tamara Kadis | I17: tamarakadis@hotmail.com | J17: 1140700708 | K17: Dario Wolff | L17: dariowolff@yahoo.com.ar | M17: 1140700990 | N17: Martín Buber | O17: No | P17: No | Q17: Jashibut | S17: NARANJA | T17: =IFS(SUM(IFNA(MATCH($B17,'DIVISION 15'!$A$2:$H$2,0),""),IFNA(MATCH($B17,'DIVISION 15'!$A$3:$H$3,0),""),IFNA(MATCH($B17,'DIVISION 15'!$A$4:$H$4,0),""),IFNA(MATCH($B17,'DIVISION 15'!$A$5:$H$5,0),""),IFNA(MATCH($B17,'DIVISION 15'!$A$6:$H$6,0),""),IFNA(MATCH($B17,'DIVISION 15'!$A$7:$H$7,0),""),IFNA(MATCH($B17,'DIVISION 15'!$A$8:$H$8,0),""),IFNA(MATCH($B17,'DIVISION 15'!$A$9:$H$9,0),""),IFNA(MATCH($B17,'DIVISION 15'!$A$10:$H$10,0),""),IFNA(MATCH($B17,'DIVISION 15'!$A$11:$H$11,0),""),IFNA(MATCH($B17,'DIVISION 15'!$A$12:$H$12,0),""),IFNA(MATCH($B17,'DIVISION 15'!$A$13:$H$13,0),""),IFNA(MATCH($B17,'DIVISION 15'!$A$14:$H$14,0),""),IFNA(MATCH($B17,'DIVISION 15'!$A$15:$H$15,0),""),IFNA(MATCH($B17,'DIVISION 15'!$A$16:$H$16,0),""),IFNA(MATCH($B17,'DIVISION 15'!$A$17:$H$17,0),""),IFNA(MATCH($B17,'DIVISION 15'!$A$18:$H$18,0),""))=1,'DIVISION 15'!$A$1,SUM(IFNA(MATCH($B17,'DIVISION 15'!$A$2:$H$2,0),""),IFNA(MATCH($B17,'DIVISION 15'!$A$3:$H$3,0),""),IFNA(MATCH($B17,'DIVISION 15'!$A$4:$H$4,0),""),IFNA(MATCH($B17,'DIVISION 15'!$A$5:$H$5,0),""),IFNA(MATCH($B17,'DIVISION 15'!$A$6:$H$6,0),""),IFNA(MATCH($B17,'DIVISION 15'!$A$7:$H$7,0),""),IFNA(MATCH($B17,'DIVISION 15'!$A$8:$H$8,0),""),IFNA(MATCH($B17,'DIVISION 15'!$A$9:$H$9,0),""),IFNA(MATCH($B17,'DIVISION 15'!$A$10:$H$10,0),""),IFNA(MATCH($B17,'DIVISION 15'!$A$11:$H$11,0),""),IFNA(MATCH($B17,'DIVISION 15'!$A$12:$H$12,0),""),IFNA(MATCH($B17,'DIVISION 15'!$A$13:$H$13,0),""),IFNA(MATCH($B17,'DIVISION 15'!$A$14:$H$14,0),""),IFNA(MATCH($B17,'DIVISION 15'!$A$15:$H$15,0),""),IFNA(MATCH($B17,'DIVISION 15'!$A$16:$H$16,0),""),IFNA(MATCH($B17,'DIVISION 15'!$A$17:$H$17,0),""),IFNA(MATCH($B17,'DIVISION 15'!$A$18:$H$18,0),""))=2,'DIVISION 15'!$B$1,SUM(IFNA(MATCH($B17,'DIVISION 15'!$A$2:$H$2,0),""),IFNA(MATCH($B17,'DIVISION 15'!$A$3:$H$3,0),""),IFNA(MATCH($B17,'DIVISION 15'!$A$4:$H$4,0),""),IFNA(MATCH($B17,'DIVISION 15'!$A$5:$H$5,0),""),IFNA(MATCH($B17,'DIVISION 15'!$A$6:$H$6,0),""),IFNA(MATCH($B17,'DIVISION 15'!$A$7:$H$7,0),""),IFNA(MATCH($B17,'DIVISION 15'!$A$8:$H$8,0),""),IFNA(MATCH($B17,'DIVISION 15'!$A$9:$H$9,0),""),IFNA(MATCH($B17,'DIVISION 15'!$A$10:$H$10,0),""),IFNA(MATCH($B17,'DIVISION 15'!$A$11:$H$11,0),""),IFNA(MATCH($B17,'DIVISION 15'!$A$12:$H$12,0),""),IFNA(MATCH($B17,'DIVISION 15'!$A$13:$H$13,0),""),IFNA(MATCH($B17,'DIVISION 15'!$A$14:$H$14,0),""),IFNA(MATCH($B17,'DIVISION 15'!$A$15:$H$15,0),""),IFNA(MATCH($B17,'DIVISION 15'!$A$16:$H$16,0),""),IFNA(MATCH($B17,'DIVISION 15'!$A$17:$H$17,0),""),IFNA(MATCH($B17,'DIVISION 15'!$A$18:$H$18,0),""))=3,'DIVISION 15'!$C$1,SUM(IFNA(MATCH($B17,'DIVISION 15'!$A$2:$H$2,0),""),IFNA(MATCH($B17,'DIVISION 15'!$A$3:$H$3,0),""),IFNA(MATCH($B17,'DIVISION 15'!$A$4:$H$4,0),""),IFNA(MATCH($B17,'DIVISION 15'!$A$5:$H$5,0),""),IFNA(MATCH($B17,'DIVISION 15'!$A$6:$H$6,0),""),IFNA(MATCH($B17,'DIVISION 15'!$A$7:$H$7,0),""),IFNA(MATCH($B17,'DIVISION 15'!$A$8:$H$8,0),""),IFNA(MATCH($B17,'DIVISION 15'!$A$9:$H$9,0),""),IFNA(MATCH($B17,'DIVISION 15'!$A$10:$H$10,0),""),IFNA(MATCH($B17,'DIVISION 15'!$A$11:$H$11,0),""),IFNA(MATCH($B17,'DIVISION 15'!$A$12:$H$12,0),""),IFNA(MATCH($B17,'DIVISION 15'!$A$13:$H$13,0),""),IFNA(MATCH($B17,'DIVISION 15'!$A$14:$H$14,0),""),IFNA(MATCH($B17,'DIVISION 15'!$A$15:$H$15,0),""),IFNA(MATCH($B17,'DIVISION 15'!$A$16:$H$16,0),""),IFNA(MATCH($B17,'DIVISION 15'!$A$17:$H$17,0),""),IFNA(MATCH($B17,'DIVISION 15'!$A$18:$H$18,0),""))=4,'DIVISION 15'!$D$1,SUM(IFNA(MATCH($B17,'DIVISION 15'!$A$2:$H$2,0),""),IFNA(MATCH($B17,'DIVISION 15'!$A$3:$H$3,0),""),IFNA(MATCH($B17,'DIVISION 15'!$A$4:$H$4,0),""),IFNA(MATCH($B17,'DIVISION 15'!$A$5:$H$5,0),""),IFNA(MATCH($B17,'DIVISION 15'!$A$6:$H$6,0),""),IFNA(MATCH($B17,'DIVISION 15'!$A$7:$H$7,0),""),IFNA(MATCH($B17,'DIVISION 15'!$A$8:$H$8,0),""),IFNA(MATCH($B17,'DIVISION 15'!$A$9:$H$9,0),""),IFNA(MATCH($B17,'DIVISION 15'!$A$10:$H$10,0),""),IFNA(MATCH($B17,'DIVISION 15'!$A$11:$H$11,0),""),IFNA(MATCH($B17,'DIVISION 15'!$A$12:$H$12,0),""),IFNA(MATCH($B17,'DIVISION 15'!$A$13:$H$13,0),""),IFNA(MATCH($B17,'DIVISION 15'!$A$14:$H$14,0),""),IFNA(MATCH($B17,'DIVISION 15'!$A$15:$H$15,0),""),IFNA(MATCH($B17,'DIVISION 15'!$A$16:$H$16,0),""),IFNA(MATCH($B17,'DIVISION 15'!$A$17:$H$17,0),""),IFNA(MATCH($B17,'DIVISION 15'!$A$18:$H$18,0),""))=5,'DIVISION 15'!$E$1,SUM(IFNA(MATCH($B17,'DIVISION 15'!$A$2:$H$2,0),""),IFNA(MATCH($B17,'DIVISION 15'!$A$3:$H$3,0),""),IFNA(MATCH($B17,'DIVISION 15'!$A$4:$H$4,0),""),IFNA(MATCH($B17,'DIVISION 15'!$A$5:$H$5,0),""),IFNA(MATCH($B17,'DIVISION 15'!$A$6:$H$6,0),""),IFNA(MATCH($B17,'DIVISION 15'!$A$7:$H$7,0),""),IFNA(MATCH($B17,'DIVISION 15'!$A$8:$H$8,0),""),IFNA(MATCH($B17,'DIVISION 15'!$A$9:$H$9,0),""),IFNA(MATCH($B17,'DIVISION 15'!$A$10:$H$10,0),""),IFNA(MATCH($B17,'DIVISION 15'!$A$11:$H$11,0),""),IFNA(MATCH($B17,'DIVISION 15'!$A$12:$H$12,0),""),IFNA(MATCH($B17,'DIVISION 15'!$A$13:$H$13,0),""),IFNA(MATCH($B17,'DIVISION 15'!$A$14:$H$14,0),""),IFNA(MATCH($B17,'DIVISION 15'!$A$15:$H$15,0),""),IFNA(MATCH($B17,'DIVISION 15'!$A$16:$H$16,0),""),IFNA(MATCH($B17,'DIVISION 15'!$A$17:$H$17,0),""),IFNA(MATCH($B17,'DIVISION 15'!$A$18:$H$18,0),""))=6,'DIVISION 15'!$F$1,SUM(IFNA(MATCH($B17,'DIVISION 15'!$A$2:$H$2,0),""),IFNA(MATCH($B17,'DIVISION 15'!$A$3:$H$3,0),""),IFNA(MATCH($B17,'DIVISION 15'!$A$4:$H$4,0),""),IFNA(MATCH($B17,'DIVISION 15'!$A$5:$H$5,0),""),IFNA(MATCH($B17,'DIVISION 15'!$A$6:$H$6,0),""),IFNA(MATCH($B17,'DIVISION 15'!$A$7:$H$7,0),""),IFNA(MATCH($B17,'DIVISION 15'!$A$8:$H$8,0),""),IFNA(MATCH($B17,'DIVISION 15'!$A$9:$H$9,0),""),IFNA(MATCH($B17,'DIVISION 15'!$A$10:$H$10,0),""),IFNA(MATCH($B17,'DIVISION 15'!$A$11:$H$11,0),""),IFNA(MATCH($B17,'DIVISION 15'!$A$12:$H$12,0),""),IFNA(MATCH($B17,'DIVISION 15'!$A$13:$H$13,0),""),IFNA(MATCH($B17,'DIVISION 15'!$A$14:$H$14,0),""),IFNA(MATCH($B17,'DIVISION 15'!$A$15:$H$15,0),""),IFNA(MATCH($B17,'DIVISION 15'!$A$16:$H$16,0),""),IFNA(MATCH($B17,'DIVISION 15'!$A$17:$H$17,0),""),IFNA(MATCH($B17,'DIVISION 15'!$A$18:$H$18,0),""))=7,'DIVISION 15'!$G$1,SUM(IFNA(MATCH($B17,'DIVISION 15'!$A$2:$H$2,0),""),IFNA(MATCH($B17,'DIVISION 15'!$A$3:$H$3,0),""),IFNA(MATCH($B17,'DIVISION 15'!$A$4:$H$4,0),""),IFNA(MATCH($B17,'DIVISION 15'!$A$5:$H$5,0),""),IFNA(MATCH($B17,'DIVISION 15'!$A$6:$H$6,0),""),IFNA(MATCH($B17,'DIVISION 15'!$A$7:$H$7,0),""),IFNA(MATCH($B17,'DIVISION 15'!$A$8:$H$8,0),""),IFNA(MATCH($B17,'DIVISION 15'!$A$9:$H$9,0),""),IFNA(MATCH($B17,'DIVISION 15'!$A$10:$H$10,0),""),IFNA(MATCH($B17,'DIVISION 15'!$A$11:$H$11,0),""),IFNA(MATCH($B17,'DIVISION 15'!$A$12:$H$12,0),""),IFNA(MATCH($B17,'DIVISION 15'!$A$13:$H$13,0),""),IFNA(MATCH($B17,'DIVISION 15'!$A$14:$H$14,0),""),IFNA(MATCH($B17,'DIVISION 15'!$A$15:$H$15,0),""),IFNA(MATCH($B17,'DIVISION 15'!$A$16:$H$16,0),""),IFNA(MATCH($B17,'DIVISION 15'!$A$17:$H$17,0),""),IFNA(MATCH($B17,'DIVISION 15'!$A$18:$H$18,0),""))=8,'DIVISION 15'!$H$1) -> EITU | U17: =T17&COUNTIF($T$1:T17,T17) -> EITU3 | V17: =SUMIF(AsistenciaViewJetAdmin!$A$3:$A$101,A17,AsistenciaViewJetAdmin!$C$3:$C$101)/(COUNTIF(AsistenciaViewJetAdmin!$D$102:V$102,">0")+COUNTIF(ActividadesEspeciales!$D$102:V$102,">0"))*100 -> 77.12766
A18: 108 | B18: Sol Teplisky | C18: 425106 | D18: 30/05/2010 | E18: 50159469 | F18: solteplis@buber.edu.ar | G18: 1151234908 | H18: Andrea Savransky | I18: andreagsavransky@gmail.com | J18: 1553783426 | K18: Darío Teplisky | L18: dteplisky@gmail.com | M18: 1540530272 | N18: Martín Buber | O18: Si bogrim mayor | P18: Hockey | Q18: Jashibut | R18: Vegetariana | S18: AZUL | T18: =IFS(SUM(IFNA(MATCH($B18,'DIVISION 15'!$A$2:$H$2,0),""),IFNA(MATCH($B18,'DIVISION 15'!$A$3:$H$3,0),""),IFNA(MATCH($B18,'DIVISION 15'!$A$4:$H$4,0),""),IFNA(MATCH($B18,'DIVISION 15'!$A$5:$H$5,0),""),IFNA(MATCH($B18,'DIVISION 15'!$A$6:$H$6,0),""),IFNA(MATCH($B18,'DIVISION 15'!$A$7:$H$7,0),""),IFNA(MATCH($B18,'DIVISION 15'!$A$8:$H$8,0),""),IFNA(MATCH($B18,'DIVISION 15'!$A$9:$H$9,0),""),IFNA(MATCH($B18,'DIVISION 15'!$A$10:$H$10,0),""),IFNA(MATCH($B18,'DIVISION 15'!$A$11:$H$11,0),""),IFNA(MATCH($B18,'DIVISION 15'!$A$12:$H$12,0),""),IFNA(MATCH($B18,'DIVISION 15'!$A$13:$H$13,0),""),IFNA(MATCH($B18,'DIVISION 15'!$A$14:$H$14,0),""),IFNA(MATCH($B18,'DIVISION 15'!$A$15:$H$15,0),""),IFNA(MATCH($B18,'DIVISION 15'!$A$16:$H$16,0),""),IFNA(MATCH($B18,'DIVISION 15'!$A$17:$H$17,0),""),IFNA(MATCH($B18,'DIVISION 15'!$A$18:$H$18,0),""))=1,'DIVISION 15'!$A$1,SUM(IFNA(MATCH($B18,'DIVISION 15'!$A$2:$H$2,0),""),IFNA(MATCH($B18,'DIVISION 15'!$A$3:$H$3,0),""),IFNA(MATCH($B18,'DIVISION 15'!$A$4:$H$4,0),""),IFNA(MATCH($B18,'DIVISION 15'!$A$5:$H$5,0),""),IFNA(MATCH($B18,'DIVISION 15'!$A$6:$H$6,0),""),IFNA(MATCH($B18,'DIVISION 15'!$A$7:$H$7,0),""),IFNA(MATCH($B18,'DIVISION 15'!$A$8:$H$8,0),""),IFNA(MATCH($B18,'DIVISION 15'!$A$9:$H$9,0),""),IFNA(MATCH($B18,'DIVISION 15'!$A$10:$H$10,0),""),IFNA(MATCH($B18,'DIVISION 15'!$A$11:$H$11,0),""),IFNA(MATCH($B18,'DIVISION 15'!$A$12:$H$12,0),""),IFNA(MATCH($B18,'DIVISION 15'!$A$13:$H$13,0),""),IFNA(MATCH($B18,'DIVISION 15'!$A$14:$H$14,0),""),IFNA(MATCH($B18,'DIVISION 15'!$A$15:$H$15,0),""),IFNA(MATCH($B18,'DIVISION 15'!$A$16:$H$16,0),""),IFNA(MATCH($B18,'DIVISION 15'!$A$17:$H$17,0),""),IFNA(MATCH($B18,'DIVISION 15'!$A$18:$H$18,0),""))=2,'DIVISION 15'!$B$1,SUM(IFNA(MATCH($B18,'DIVISION 15'!$A$2:$H$2,0),""),IFNA(MATCH($B18,'DIVISION 15'!$A$3:$H$3,0),""),IFNA(MATCH($B18,'DIVISION 15'!$A$4:$H$4,0),""),IFNA(MATCH($B18,'DIVISION 15'!$A$5:$H$5,0),""),IFNA(MATCH($B18,'DIVISION 15'!$A$6:$H$6,0),""),IFNA(MATCH($B18,'DIVISION 15'!$A$7:$H$7,0),""),IFNA(MATCH($B18,'DIVISION 15'!$A$8:$H$8,0),""),IFNA(MATCH($B18,'DIVISION 15'!$A$9:$H$9,0),""),IFNA(MATCH($B18,'DIVISION 15'!$A$10:$H$10,0),""),IFNA(MATCH($B18,'DIVISION 15'!$A$11:$H$11,0),""),IFNA(MATCH($B18,'DIVISION 15'!$A$12:$H$12,0),""),IFNA(MATCH($B18,'DIVISION 15'!$A$13:$H$13,0),""),IFNA(MATCH($B18,'DIVISION 15'!$A$14:$H$14,0),""),IFNA(MATCH($B18,'DIVISION 15'!$A$15:$H$15,0),""),IFNA(MATCH($B18,'DIVISION 15'!$A$16:$H$16,0),""),IFNA(MATCH($B18,'DIVISION 15'!$A$17:$H$17,0),""),IFNA(MATCH($B18,'DIVISION 15'!$A$18:$H$18,0),""))=3,'DIVISION 15'!$C$1,SUM(IFNA(MATCH($B18,'DIVISION 15'!$A$2:$H$2,0),""),IFNA(MATCH($B18,'DIVISION 15'!$A$3:$H$3,0),""),IFNA(MATCH($B18,'DIVISION 15'!$A$4:$H$4,0),""),IFNA(MATCH($B18,'DIVISION 15'!$A$5:$H$5,0),""),IFNA(MATCH($B18,'DIVISION 15'!$A$6:$H$6,0),""),IFNA(MATCH($B18,'DIVISION 15'!$A$7:$H$7,0),""),IFNA(MATCH($B18,'DIVISION 15'!$A$8:$H$8,0),""),IFNA(MATCH($B18,'DIVISION 15'!$A$9:$H$9,0),""),IFNA(MATCH($B18,'DIVISION 15'!$A$10:$H$10,0),""),IFNA(MATCH($B18,'DIVISION 15'!$A$11:$H$11,0),""),IFNA(MATCH($B18,'DIVISION 15'!$A$12:$H$12,0),""),IFNA(MATCH($B18,'DIVISION 15'!$A$13:$H$13,0),""),IFNA(MATCH($B18,'DIVISION 15'!$A$14:$H$14,0),""),IFNA(MATCH($B18,'DIVISION 15'!$A$15:$H$15,0),""),IFNA(MATCH($B18,'DIVISION 15'!$A$16:$H$16,0),""),IFNA(MATCH($B18,'DIVISION 15'!$A$17:$H$17,0),""),IFNA(MATCH($B18,'DIVISION 15'!$A$18:$H$18,0),""))=4,'DIVISION 15'!$D$1,SUM(IFNA(MATCH($B18,'DIVISION 15'!$A$2:$H$2,0),""),IFNA(MATCH($B18,'DIVISION 15'!$A$3:$H$3,0),""),IFNA(MATCH($B18,'DIVISION 15'!$A$4:$H$4,0),""),IFNA(MATCH($B18,'DIVISION 15'!$A$5:$H$5,0),""),IFNA(MATCH($B18,'DIVISION 15'!$A$6:$H$6,0),""),IFNA(MATCH($B18,'DIVISION 15'!$A$7:$H$7,0),""),IFNA(MATCH($B18,'DIVISION 15'!$A$8:$H$8,0),""),IFNA(MATCH($B18,'DIVISION 15'!$A$9:$H$9,0),""),IFNA(MATCH($B18,'DIVISION 15'!$A$10:$H$10,0),""),IFNA(MATCH($B18,'DIVISION 15'!$A$11:$H$11,0),""),IFNA(MATCH($B18,'DIVISION 15'!$A$12:$H$12,0),""),IFNA(MATCH($B18,'DIVISION 15'!$A$13:$H$13,0),""),IFNA(MATCH($B18,'DIVISION 15'!$A$14:$H$14,0),""),IFNA(MATCH($B18,'DIVISION 15'!$A$15:$H$15,0),""),IFNA(MATCH($B18,'DIVISION 15'!$A$16:$H$16,0),""),IFNA(MATCH($B18,'DIVISION 15'!$A$17:$H$17,0),""),IFNA(MATCH($B18,'DIVISION 15'!$A$18:$H$18,0),""))=5,'DIVISION 15'!$E$1,SUM(IFNA(MATCH($B18,'DIVISION 15'!$A$2:$H$2,0),""),IFNA(MATCH($B18,'DIVISION 15'!$A$3:$H$3,0),""),IFNA(MATCH($B18,'DIVISION 15'!$A$4:$H$4,0),""),IFNA(MATCH($B18,'DIVISION 15'!$A$5:$H$5,0),""),IFNA(MATCH($B18,'DIVISION 15'!$A$6:$H$6,0),""),IFNA(MATCH($B18,'DIVISION 15'!$A$7:$H$7,0),""),IFNA(MATCH($B18,'DIVISION 15'!$A$8:$H$8,0),""),IFNA(MATCH($B18,'DIVISION 15'!$A$9:$H$9,0),""),IFNA(MATCH($B18,'DIVISION 15'!$A$10:$H$10,0),""),IFNA(MATCH($B18,'DIVISION 15'!$A$11:$H$11,0),""),IFNA(MATCH($B18,'DIVISION 15'!$A$12:$H$12,0),""),IFNA(MATCH($B18,'DIVISION 15'!$A$13:$H$13,0),""),IFNA(MATCH($B18,'DIVISION 15'!$A$14:$H$14,0),""),IFNA(MATCH($B18,'DIVISION 15'!$A$15:$H$15,0),""),IFNA(MATCH($B18,'DIVISION 15'!$A$16:$H$16,0),""),IFNA(MATCH($B18,'DIVISION 15'!$A$17:$H$17,0),""),IFNA(MATCH($B18,'DIVISION 15'!$A$18:$H$18,0),""))=6,'DIVISION 15'!$F$1,SUM(IFNA(MATCH($B18,'DIVISION 15'!$A$2:$H$2,0),""),IFNA(MATCH($B18,'DIVISION 15'!$A$3:$H$3,0),""),IFNA(MATCH($B18,'DIVISION 15'!$A$4:$H$4,0),""),IFNA(MATCH($B18,'DIVISION 15'!$A$5:$H$5,0),""),IFNA(MATCH($B18,'DIVISION 15'!$A$6:$H$6,0),""),IFNA(MATCH($B18,'DIVISION 15'!$A$7:$H$7,0),""),IFNA(MATCH($B18,'DIVISION 15'!$A$8:$H$8,0),""),IFNA(MATCH($B18,'DIVISION 15'!$A$9:$H$9,0),""),IFNA(MATCH($B18,'DIVISION 15'!$A$10:$H$10,0),""),IFNA(MATCH($B18,'DIVISION 15'!$A$11:$H$11,0),""),IFNA(MATCH($B18,'DIVISION 15'!$A$12:$H$12,0),""),IFNA(MATCH($B18,'DIVISION 15'!$A$13:$H$13,0),""),IFNA(MATCH($B18,'DIVISION 15'!$A$14:$H$14,0),""),IFNA(MATCH($B18,'DIVISION 15'!$A$15:$H$15,0),""),IFNA(MATCH($B18,'DIVISION 15'!$A$16:$H$16,0),""),IFNA(MATCH($B18,'DIVISION 15'!$A$17:$H$17,0),""),IFNA(MATCH($B18,'DIVISION 15'!$A$18:$H$18,0),""))=7,'DIVISION 15'!$G$1,SUM(IFNA(MATCH($B18,'DIVISION 15'!$A$2:$H$2,0),""),IFNA(MATCH($B18,'DIVISION 15'!$A$3:$H$3,0),""),IFNA(MATCH($B18,'DIVISION 15'!$A$4:$H$4,0),""),IFNA(MATCH($B18,'DIVISION 15'!$A$5:$H$5,0),""),IFNA(MATCH($B18,'DIVISION 15'!$A$6:$H$6,0),""),IFNA(MATCH($B18,'DIVISION 15'!$A$7:$H$7,0),""),IFNA(MATCH($B18,'DIVISION 15'!$A$8:$H$8,0),""),IFNA(MATCH($B18,'DIVISION 15'!$A$9:$H$9,0),""),IFNA(MATCH($B18,'DIVISION 15'!$A$10:$H$10,0),""),IFNA(MATCH($B18,'DIVISION 15'!$A$11:$H$11,0),""),IFNA(MATCH($B18,'DIVISION 15'!$A$12:$H$12,0),""),IFNA(MATCH($B18,'DIVISION 15'!$A$13:$H$13,0),""),IFNA(MATCH($B18,'DIVISION 15'!$A$14:$H$14,0),""),IFNA(MATCH($B18,'DIVISION 15'!$A$15:$H$15,0),""),IFNA(MATCH($B18,'DIVISION 15'!$A$16:$H$16,0),""),IFNA(MATCH($B18,'DIVISION 15'!$A$17:$H$17,0),""),IFNA(MATCH($B18,'DIVISION 15'!$A$18:$H$18,0),""))=8,'DIVISION 15'!$H$1) -> GASTI | U18: =T18&COUNTIF($T$1:T18,T18) -> GASTI3 | V18: =SUMIF(AsistenciaViewJetAdmin!$A$3:$A$101,A18,AsistenciaViewJetAdmin!$C$3:$C$101)/(COUNTIF(AsistenciaViewJetAdmin!$D$102:V$102,">0")+COUNTIF(ActividadesEspeciales!$D$102:V$102,">0"))*100 -> 85.638298
A19: 199 | B19: Sofía Roffé | C19: 940803 | D19: 25/05/10 | E19: 50320535 | F19: sofiaroffe1@gmail.com | G19: 1165901184 | H19: Adriana Jurberg | I19: ajurberg@hotmail.com | J19: 1168856344 | K19: Damián Roffé | L19: roffedamian@hotmail.com | M19: 1168024588 | N19: Ort | O19: No | P19: No | Q19: Nedarim | R19: Vegetariana | S19: NARANJA | T19: =IFS(SUM(IFNA(MATCH($B19,'DIVISION 15'!$A$2:$H$2,0),""),IFNA(MATCH($B19,'DIVISION 15'!$A$3:$H$3,0),""),IFNA(MATCH($B19,'DIVISION 15'!$A$4:$H$4,0),""),IFNA(MATCH($B19,'DIVISION 15'!$A$5:$H$5,0),""),IFNA(MATCH($B19,'DIVISION 15'!$A$6:$H$6,0),""),IFNA(MATCH($B19,'DIVISION 15'!$A$7:$H$7,0),""),IFNA(MATCH($B19,'DIVISION 15'!$A$8:$H$8,0),""),IFNA(MATCH($B19,'DIVISION 15'!$A$9:$H$9,0),""),IFNA(MATCH($B19,'DIVISION 15'!$A$10:$H$10,0),""),IFNA(MATCH($B19,'DIVISION 15'!$A$11:$H$11,0),""),IFNA(MATCH($B19,'DIVISION 15'!$A$12:$H$12,0),""),IFNA(MATCH($B19,'DIVISION 15'!$A$13:$H$13,0),""),IFNA(MATCH($B19,'DIVISION 15'!$A$14:$H$14,0),""),IFNA(MATCH($B19,'DIVISION 15'!$A$15:$H$15,0),""),IFNA(MATCH($B19,'DIVISION 15'!$A$16:$H$16,0),""),IFNA(MATCH($B19,'DIVISION 15'!$A$17:$H$17,0),""),IFNA(MATCH($B19,'DIVISION 15'!$A$18:$H$18,0),""))=1,'DIVISION 15'!$A$1,SUM(IFNA(MATCH($B19,'DIVISION 15'!$A$2:$H$2,0),""),IFNA(MATCH($B19,'DIVISION 15'!$A$3:$H$3,0),""),IFNA(MATCH($B19,'DIVISION 15'!$A$4:$H$4,0),""),IFNA(MATCH($B19,'DIVISION 15'!$A$5:$H$5,0),""),IFNA(MATCH($B19,'DIVISION 15'!$A$6:$H$6,0),""),IFNA(MATCH($B19,'DIVISION 15'!$A$7:$H$7,0),""),IFNA(MATCH($B19,'DIVISION 15'!$A$8:$H$8,0),""),IFNA(MATCH($B19,'DIVISION 15'!$A$9:$H$9,0),""),IFNA(MATCH($B19,'DIVISION 15'!$A$10:$H$10,0),""),IFNA(MATCH($B19,'DIVISION 15'!$A$11:$H$11,0),""),IFNA(MATCH($B19,'DIVISION 15'!$A$12:$H$12,0),""),IFNA(MATCH($B19,'DIVISION 15'!$A$13:$H$13,0),""),IFNA(MATCH($B19,'DIVISION 15'!$A$14:$H$14,0),""),IFNA(MATCH($B19,'DIVISION 15'!$A$15:$H$15,0),""),IFNA(MATCH($B19,'DIVISION 15'!$A$16:$H$16,0),""),IFNA(MATCH($B19,'DIVISION 15'!$A$17:$H$17,0),""),IFNA(MATCH($B19,'DIVISION 15'!$A$18:$H$18,0),""))=2,'DIVISION 15'!$B$1,SUM(IFNA(MATCH($B19,'DIVISION 15'!$A$2:$H$2,0),""),IFNA(MATCH($B19,'DIVISION 15'!$A$3:$H$3,0),""),IFNA(MATCH($B19,'DIVISION 15'!$A$4:$H$4,0),""),IFNA(MATCH($B19,'DIVISION 15'!$A$5:$H$5,0),""),IFNA(MATCH($B19,'DIVISION 15'!$A$6:$H$6,0),""),IFNA(MATCH($B19,'DIVISION 15'!$A$7:$H$7,0),""),IFNA(MATCH($B19,'DIVISION 15'!$A$8:$H$8,0),""),IFNA(MATCH($B19,'DIVISION 15'!$A$9:$H$9,0),""),IFNA(MATCH($B19,'DIVISION 15'!$A$10:$H$10,0),""),IFNA(MATCH($B19,'DIVISION 15'!$A$11:$H$11,0),""),IFNA(MATCH($B19,'DIVISION 15'!$A$12:$H$12,0),""),IFNA(MATCH($B19,'DIVISION 15'!$A$13:$H$13,0),""),IFNA(MATCH($B19,'DIVISION 15'!$A$14:$H$14,0),""),IFNA(MATCH($B19,'DIVISION 15'!$A$15:$H$15,0),""),IFNA(MATCH($B19,'DIVISION 15'!$A$16:$H$16,0),""),IFNA(MATCH($B19,'DIVISION 15'!$A$17:$H$17,0),""),IFNA(MATCH($B19,'DIVISION 15'!$A$18:$H$18,0),""))=3,'DIVISION 15'!$C$1,SUM(IFNA(MATCH($B19,'DIVISION 15'!$A$2:$H$2,0),""),IFNA(MATCH($B19,'DIVISION 15'!$A$3:$H$3,0),""),IFNA(MATCH($B19,'DIVISION 15'!$A$4:$H$4,0),""),IFNA(MATCH($B19,'DIVISION 15'!$A$5:$H$5,0),""),IFNA(MATCH($B19,'DIVISION 15'!$A$6:$H$6,0),""),IFNA(MATCH($B19,'DIVISION 15'!$A$7:$H$7,0),""),IFNA(MATCH($B19,'DIVISION 15'!$A$8:$H$8,0),""),IFNA(MATCH($B19,'DIVISION 15'!$A$9:$H$9,0),""),IFNA(MATCH($B19,'DIVISION 15'!$A$10:$H$10,0),""),IFNA(MATCH($B19,'DIVISION 15'!$A$11:$H$11,0),""),IFNA(MATCH($B19,'DIVISION 15'!$A$12:$H$12,0),""),IFNA(MATCH($B19,'DIVISION 15'!$A$13:$H$13,0),""),IFNA(MATCH($B19,'DIVISION 15'!$A$14:$H$14,0),""),IFNA(MATCH($B19,'DIVISION 15'!$A$15:$H$15,0),""),IFNA(MATCH($B19,'DIVISION 15'!$A$16:$H$16,0),""),IFNA(MATCH($B19,'DIVISION 15'!$A$17:$H$17,0),""),IFNA(MATCH($B19,'DIVISION 15'!$A$18:$H$18,0),""))=4,'DIVISION 15'!$D$1,SUM(IFNA(MATCH($B19,'DIVISION 15'!$A$2:$H$2,0),""),IFNA(MATCH($B19,'DIVISION 15'!$A$3:$H$3,0),""),IFNA(MATCH($B19,'DIVISION 15'!$A$4:$H$4,0),""),IFNA(MATCH($B19,'DIVISION 15'!$A$5:$H$5,0),""),IFNA(MATCH($B19,'DIVISION 15'!$A$6:$H$6,0),""),IFNA(MATCH($B19,'DIVISION 15'!$A$7:$H$7,0),""),IFNA(MATCH($B19,'DIVISION 15'!$A$8:$H$8,0),""),IFNA(MATCH($B19,'DIVISION 15'!$A$9:$H$9,0),""),IFNA(MATCH($B19,'DIVISION 15'!$A$10:$H$10,0),""),IFNA(MATCH($B19,'DIVISION 15'!$A$11:$H$11,0),""),IFNA(MATCH($B19,'DIVISION 15'!$A$12:$H$12,0),""),IFNA(MATCH($B19,'DIVISION 15'!$A$13:$H$13,0),""),IFNA(MATCH($B19,'DIVISION 15'!$A$14:$H$14,0),""),IFNA(MATCH($B19,'DIVISION 15'!$A$15:$H$15,0),""),IFNA(MATCH($B19,'DIVISION 15'!$A$16:$H$16,0),""),IFNA(MATCH($B19,'DIVISION 15'!$A$17:$H$17,0),""),IFNA(MATCH($B19,'DIVISION 15'!$A$18:$H$18,0),""))=5,'DIVISION 15'!$E$1,SUM(IFNA(MATCH($B19,'DIVISION 15'!$A$2:$H$2,0),""),IFNA(MATCH($B19,'DIVISION 15'!$A$3:$H$3,0),""),IFNA(MATCH($B19,'DIVISION 15'!$A$4:$H$4,0),""),IFNA(MATCH($B19,'DIVISION 15'!$A$5:$H$5,0),""),IFNA(MATCH($B19,'DIVISION 15'!$A$6:$H$6,0),""),IFNA(MATCH($B19,'DIVISION 15'!$A$7:$H$7,0),""),IFNA(MATCH($B19,'DIVISION 15'!$A$8:$H$8,0),""),IFNA(MATCH($B19,'DIVISION 15'!$A$9:$H$9,0),""),IFNA(MATCH($B19,'DIVISION 15'!$A$10:$H$10,0),""),IFNA(MATCH($B19,'DIVISION 15'!$A$11:$H$11,0),""),IFNA(MATCH($B19,'DIVISION 15'!$A$12:$H$12,0),""),IFNA(MATCH($B19,'DIVISION 15'!$A$13:$H$13,0),""),IFNA(MATCH($B19,'DIVISION 15'!$A$14:$H$14,0),""),IFNA(MATCH($B19,'DIVISION 15'!$A$15:$H$15,0),""),IFNA(MATCH($B19,'DIVISION 15'!$A$16:$H$16,0),""),IFNA(MATCH($B19,'DIVISION 15'!$A$17:$H$17,0),""),IFNA(MATCH($B19,'DIVISION 15'!$A$18:$H$18,0),""))=6,'DIVISION 15'!$F$1,SUM(IFNA(MATCH($B19,'DIVISION 15'!$A$2:$H$2,0),""),IFNA(MATCH($B19,'DIVISION 15'!$A$3:$H$3,0),""),IFNA(MATCH($B19,'DIVISION 15'!$A$4:$H$4,0),""),IFNA(MATCH($B19,'DIVISION 15'!$A$5:$H$5,0),""),IFNA(MATCH($B19,'DIVISION 15'!$A$6:$H$6,0),""),IFNA(MATCH($B19,'DIVISION 15'!$A$7:$H$7,0),""),IFNA(MATCH($B19,'DIVISION 15'!$A$8:$H$8,0),""),IFNA(MATCH($B19,'DIVISION 15'!$A$9:$H$9,0),""),IFNA(MATCH($B19,'DIVISION 15'!$A$10:$H$10,0),""),IFNA(MATCH($B19,'DIVISION 15'!$A$11:$H$11,0),""),IFNA(MATCH($B19,'DIVISION 15'!$A$12:$H$12,0),""),IFNA(MATCH($B19,'DIVISION 15'!$A$13:$H$13,0),""),IFNA(MATCH($B19,'DIVISION 15'!$A$14:$H$14,0),""),IFNA(MATCH($B19,'DIVISION 15'!$A$15:$H$15,0),""),IFNA(MATCH($B19,'DIVISION 15'!$A$16:$H$16,0),""),IFNA(MATCH($B19,'DIVISION 15'!$A$17:$H$17,0),""),IFNA(MATCH($B19,'DIVISION 15'!$A$18:$H$18,0),""))=7,'DIVISION 15'!$G$1,SUM(IFNA(MATCH($B19,'DIVISION 15'!$A$2:$H$2,0),""),IFNA(MATCH($B19,'DIVISION 15'!$A$3:$H$3,0),""),IFNA(MATCH($B19,'DIVISION 15'!$A$4:$H$4,0),""),IFNA(MATCH($B19,'DIVISION 15'!$A$5:$H$5,0),""),IFNA(MATCH($B19,'DIVISION 15'!$A$6:$H$6,0),""),IFNA(MATCH($B19,'DIVISION 15'!$A$7:$H$7,0),""),IFNA(MATCH($B19,'DIVISION 15'!$A$8:$H$8,0),""),IFNA(MATCH($B19,'DIVISION 15'!$A$9:$H$9,0),""),IFNA(MATCH($B19,'DIVISION 15'!$A$10:$H$10,0),""),IFNA(MATCH($B19,'DIVISION 15'!$A$11:$H$11,0),""),IFNA(MATCH($B19,'DIVISION 15'!$A$12:$H$12,0),""),IFNA(MATCH($B19,'DIVISION 15'!$A$13:$H$13,0),""),IFNA(MATCH($B19,'DIVISION 15'!$A$14:$H$14,0),""),IFNA(MATCH($B19,'DIVISION 15'!$A$15:$H$15,0),""),IFNA(MATCH($B19,'DIVISION 15'!$A$16:$H$16,0),""),IFNA(MATCH($B19,'DIVISION 15'!$A$17:$H$17,0),""),IFNA(MATCH($B19,'DIVISION 15'!$A$18:$H$18,0),""))=8,'DIVISION 15'!$H$1) -> DAIU | U19: =T19&COUNTIF($T$1:T19,T19) -> DAIU3 | V19: =SUMIF(AsistenciaViewJetAdmin!$A$3:$A$101,A19,AsistenciaViewJetAdmin!$C$3:$C$101)/(COUNTIF(AsistenciaViewJetAdmin!$D$102:V$102,">0")+COUNTIF(ActividadesEspeciales!$D$102:V$102,">0"))*100 -> 88.297872
A20: 125 | B20: Sofia Kartofel | C20: 1004503 | D20: 24/10/2009 | E20: 49437915 | F20: kartofelsofia@gmail.com | G20: 1127955408 | H20: Alejandra Kaminovich | I20: alejandrakaminovich@gmail.com | J20: 1137938921 | K20: Dario Kartofel | L20: dariokartofel@outlook.es | M20: 1155081526 | N20: ORT | O20: No | P20: NO | Q20: Nedarim | R20: Sin restricciones | S20: AZUL | T20: =IFS(SUM(IFNA(MATCH($B20,'DIVISION 15'!$A$2:$H$2,0),""),IFNA(MATCH($B20,'DIVISION 15'!$A$3:$H$3,0),""),IFNA(MATCH($B20,'DIVISION 15'!$A$4:$H$4,0),""),IFNA(MATCH($B20,'DIVISION 15'!$A$5:$H$5,0),""),IFNA(MATCH($B20,'DIVISION 15'!$A$6:$H$6,0),""),IFNA(MATCH($B20,'DIVISION 15'!$A$7:$H$7,0),""),IFNA(MATCH($B20,'DIVISION 15'!$A$8:$H$8,0),""),IFNA(MATCH($B20,'DIVISION 15'!$A$9:$H$9,0),""),IFNA(MATCH($B20,'DIVISION 15'!$A$10:$H$10,0),""),IFNA(MATCH($B20,'DIVISION 15'!$A$11:$H$11,0),""),IFNA(MATCH($B20,'DIVISION 15'!$A$12:$H$12,0),""),IFNA(MATCH($B20,'DIVISION 15'!$A$13:$H$13,0),""),IFNA(MATCH($B20,'DIVISION 15'!$A$14:$H$14,0),""),IFNA(MATCH($B20,'DIVISION 15'!$A$15:$H$15,0),""),IFNA(MATCH($B20,'DIVISION 15'!$A$16:$H$16,0),""),IFNA(MATCH($B20,'DIVISION 15'!$A$17:$H$17,0),""),IFNA(MATCH($B20,'DIVISION 15'!$A$18:$H$18,0),""))=1,'DIVISION 15'!$A$1,SUM(IFNA(MATCH($B20,'DIVISION 15'!$A$2:$H$2,0),""),IFNA(MATCH($B20,'DIVISION 15'!$A$3:$H$3,0),""),IFNA(MATCH($B20,'DIVISION 15'!$A$4:$H$4,0),""),IFNA(MATCH($B20,'DIVISION 15'!$A$5:$H$5,0),""),IFNA(MATCH($B20,'DIVISION 15'!$A$6:$H$6,0),""),IFNA(MATCH($B20,'DIVISION 15'!$A$7:$H$7,0),""),IFNA(MATCH($B20,'DIVISION 15'!$A$8:$H$8,0),""),IFNA(MATCH($B20,'DIVISION 15'!$A$9:$H$9,0),""),IFNA(MATCH($B20,'DIVISION 15'!$A$10:$H$10,0),""),IFNA(MATCH($B20,'DIVISION 15'!$A$11:$H$11,0),""),IFNA(MATCH($B20,'DIVISION 15'!$A$12:$H$12,0),""),IFNA(MATCH($B20,'DIVISION 15'!$A$13:$H$13,0),""),IFNA(MATCH($B20,'DIVISION 15'!$A$14:$H$14,0),""),IFNA(MATCH($B20,'DIVISION 15'!$A$15:$H$15,0),""),IFNA(MATCH($B20,'DIVISION 15'!$A$16:$H$16,0),""),IFNA(MATCH($B20,'DIVISION 15'!$A$17:$H$17,0),""),IFNA(MATCH($B20,'DIVISION 15'!$A$18:$H$18,0),""))=2,'DIVISION 15'!$B$1,SUM(IFNA(MATCH($B20,'DIVISION 15'!$A$2:$H$2,0),""),IFNA(MATCH($B20,'DIVISION 15'!$A$3:$H$3,0),""),IFNA(MATCH($B20,'DIVISION 15'!$A$4:$H$4,0),""),IFNA(MATCH($B20,'DIVISION 15'!$A$5:$H$5,0),""),IFNA(MATCH($B20,'DIVISION 15'!$A$6:$H$6,0),""),IFNA(MATCH($B20,'DIVISION 15'!$A$7:$H$7,0),""),IFNA(MATCH($B20,'DIVISION 15'!$A$8:$H$8,0),""),IFNA(MATCH($B20,'DIVISION 15'!$A$9:$H$9,0),""),IFNA(MATCH($B20,'DIVISION 15'!$A$10:$H$10,0),""),IFNA(MATCH($B20,'DIVISION 15'!$A$11:$H$11,0),""),IFNA(MATCH($B20,'DIVISION 15'!$A$12:$H$12,0),""),IFNA(MATCH($B20,'DIVISION 15'!$A$13:$H$13,0),""),IFNA(MATCH($B20,'DIVISION 15'!$A$14:$H$14,0),""),IFNA(MATCH($B20,'DIVISION 15'!$A$15:$H$15,0),""),IFNA(MATCH($B20,'DIVISION 15'!$A$16:$H$16,0),""),IFNA(MATCH($B20,'DIVISION 15'!$A$17:$H$17,0),""),IFNA(MATCH($B20,'DIVISION 15'!$A$18:$H$18,0),""))=3,'DIVISION 15'!$C$1,SUM(IFNA(MATCH($B20,'DIVISION 15'!$A$2:$H$2,0),""),IFNA(MATCH($B20,'DIVISION 15'!$A$3:$H$3,0),""),IFNA(MATCH($B20,'DIVISION 15'!$A$4:$H$4,0),""),IFNA(MATCH($B20,'DIVISION 15'!$A$5:$H$5,0),""),IFNA(MATCH($B20,'DIVISION 15'!$A$6:$H$6,0),""),IFNA(MATCH($B20,'DIVISION 15'!$A$7:$H$7,0),""),IFNA(MATCH($B20,'DIVISION 15'!$A$8:$H$8,0),""),IFNA(MATCH($B20,'DIVISION 15'!$A$9:$H$9,0),""),IFNA(MATCH($B20,'DIVISION 15'!$A$10:$H$10,0),""),IFNA(MATCH($B20,'DIVISION 15'!$A$11:$H$11,0),""),IFNA(MATCH($B20,'DIVISION 15'!$A$12:$H$12,0),""),IFNA(MATCH($B20,'DIVISION 15'!$A$13:$H$13,0),""),IFNA(MATCH($B20,'DIVISION 15'!$A$14:$H$14,0),""),IFNA(MATCH($B20,'DIVISION 15'!$A$15:$H$15,0),""),IFNA(MATCH($B20,'DIVISION 15'!$A$16:$H$16,0),""),IFNA(MATCH($B20,'DIVISION 15'!$A$17:$H$17,0),""),IFNA(MATCH($B20,'DIVISION 15'!$A$18:$H$18,0),""))=4,'DIVISION 15'!$D$1,SUM(IFNA(MATCH($B20,'DIVISION 15'!$A$2:$H$2,0),""),IFNA(MATCH($B20,'DIVISION 15'!$A$3:$H$3,0),""),IFNA(MATCH($B20,'DIVISION 15'!$A$4:$H$4,0),""),IFNA(MATCH($B20,'DIVISION 15'!$A$5:$H$5,0),""),IFNA(MATCH($B20,'DIVISION 15'!$A$6:$H$6,0),""),IFNA(MATCH($B20,'DIVISION 15'!$A$7:$H$7,0),""),IFNA(MATCH($B20,'DIVISION 15'!$A$8:$H$8,0),""),IFNA(MATCH($B20,'DIVISION 15'!$A$9:$H$9,0),""),IFNA(MATCH($B20,'DIVISION 15'!$A$10:$H$10,0),""),IFNA(MATCH($B20,'DIVISION 15'!$A$11:$H$11,0),""),IFNA(MATCH($B20,'DIVISION 15'!$A$12:$H$12,0),""),IFNA(MATCH($B20,'DIVISION 15'!$A$13:$H$13,0),""),IFNA(MATCH($B20,'DIVISION 15'!$A$14:$H$14,0),""),IFNA(MATCH($B20,'DIVISION 15'!$A$15:$H$15,0),""),IFNA(MATCH($B20,'DIVISION 15'!$A$16:$H$16,0),""),IFNA(MATCH($B20,'DIVISION 15'!$A$17:$H$17,0),""),IFNA(MATCH($B20,'DIVISION 15'!$A$18:$H$18,0),""))=5,'DIVISION 15'!$E$1,SUM(IFNA(MATCH($B20,'DIVISION 15'!$A$2:$H$2,0),""),IFNA(MATCH($B20,'DIVISION 15'!$A$3:$H$3,0),""),IFNA(MATCH($B20,'DIVISION 15'!$A$4:$H$4,0),""),IFNA(MATCH($B20,'DIVISION 15'!$A$5:$H$5,0),""),IFNA(MATCH($B20,'DIVISION 15'!$A$6:$H$6,0),""),IFNA(MATCH($B20,'DIVISION 15'!$A$7:$H$7,0),""),IFNA(MATCH($B20,'DIVISION 15'!$A$8:$H$8,0),""),IFNA(MATCH($B20,'DIVISION 15'!$A$9:$H$9,0),""),IFNA(MATCH($B20,'DIVISION 15'!$A$10:$H$10,0),""),IFNA(MATCH($B20,'DIVISION 15'!$A$11:$H$11,0),""),IFNA(MATCH($B20,'DIVISION 15'!$A$12:$H$12,0),""),IFNA(MATCH($B20,'DIVISION 15'!$A$13:$H$13,0),""),IFNA(MATCH($B20,'DIVISION 15'!$A$14:$H$14,0),""),IFNA(MATCH($B20,'DIVISION 15'!$A$15:$H$15,0),""),IFNA(MATCH($B20,'DIVISION 15'!$A$16:$H$16,0),""),IFNA(MATCH($B20,'DIVISION 15'!$A$17:$H$17,0),""),IFNA(MATCH($B20,'DIVISION 15'!$A$18:$H$18,0),""))=6,'DIVISION 15'!$F$1,SUM(IFNA(MATCH($B20,'DIVISION 15'!$A$2:$H$2,0),""),IFNA(MATCH($B20,'DIVISION 15'!$A$3:$H$3,0),""),IFNA(MATCH($B20,'DIVISION 15'!$A$4:$H$4,0),""),IFNA(MATCH($B20,'DIVISION 15'!$A$5:$H$5,0),""),IFNA(MATCH($B20,'DIVISION 15'!$A$6:$H$6,0),""),IFNA(MATCH($B20,'DIVISION 15'!$A$7:$H$7,0),""),IFNA(MATCH($B20,'DIVISION 15'!$A$8:$H$8,0),""),IFNA(MATCH($B20,'DIVISION 15'!$A$9:$H$9,0),""),IFNA(MATCH($B20,'DIVISION 15'!$A$10:$H$10,0),""),IFNA(MATCH($B20,'DIVISION 15'!$A$11:$H$11,0),""),IFNA(MATCH($B20,'DIVISION 15'!$A$12:$H$12,0),""),IFNA(MATCH($B20,'DIVISION 15'!$A$13:$H$13,0),""),IFNA(MATCH($B20,'DIVISION 15'!$A$14:$H$14,0),""),IFNA(MATCH($B20,'DIVISION 15'!$A$15:$H$15,0),""),IFNA(MATCH($B20,'DIVISION 15'!$A$16:$H$16,0),""),IFNA(MATCH($B20,'DIVISION 15'!$A$17:$H$17,0),""),IFNA(MATCH($B20,'DIVISION 15'!$A$18:$H$18,0),""))=7,'DIVISION 15'!$G$1,SUM(IFNA(MATCH($B20,'DIVISION 15'!$A$2:$H$2,0),""),IFNA(MATCH($B20,'DIVISION 15'!$A$3:$H$3,0),""),IFNA(MATCH($B20,'DIVISION 15'!$A$4:$H$4,0),""),IFNA(MATCH($B20,'DIVISION 15'!$A$5:$H$5,0),""),IFNA(MATCH($B20,'DIVISION 15'!$A$6:$H$6,0),""),IFNA(MATCH($B20,'DIVISION 15'!$A$7:$H$7,0),""),IFNA(MATCH($B20,'DIVISION 15'!$A$8:$H$8,0),""),IFNA(MATCH($B20,'DIVISION 15'!$A$9:$H$9,0),""),IFNA(MATCH($B20,'DIVISION 15'!$A$10:$H$10,0),""),IFNA(MATCH($B20,'DIVISION 15'!$A$11:$H$11,0),""),IFNA(MATCH($B20,'DIVISION 15'!$A$12:$H$12,0),""),IFNA(MATCH($B20,'DIVISION 15'!$A$13:$H$13,0),""),IFNA(MATCH($B20,'DIVISION 15'!$A$14:$H$14,0),""),IFNA(MATCH($B20,'DIVISION 15'!$A$15:$H$15,0),""),IFNA(MATCH($B20,'DIVISION 15'!$A$16:$H$16,0),""),IFNA(MATCH($B20,'DIVISION 15'!$A$17:$H$17,0),""),IFNA(MATCH($B20,'DIVISION 15'!$A$18:$H$18,0),""))=8,'DIVISION 15'!$H$1) -> LULI | U20: =T20&COUNTIF($T$1:T20,T20) -> LULI3 | V20: =SUMIF(AsistenciaViewJetAdmin!$A$3:$A$101,A20,AsistenciaViewJetAdmin!$C$3:$C$101)/(COUNTIF(AsistenciaViewJetAdmin!$D$102:V$102,">0")+COUNTIF(ActividadesEspeciales!$D$102:V$102,">0"))*100 -> 88.297872
A21: 212 | B21: Simón Joab | C21: 1019802 | D21: 30/3/2010 | E21: 50233907 | F21: joabsimonuriel@gmail.com | G21: 1151405121 | H21: Emiliano Joab | I21: emilianojoab@hotmail.com | J21: 1155066161 | K21: Débora Najnudel | L21: deboranajnudel@gmail.com | M21: 1149144576 | N21: Ort sede Almagro | O21: Si, Bogrim mayor | P21: Si, fútbol | Q21: Jashibut | R21: Sin restricciones | S21: NARANJA | T21: =IFS(SUM(IFNA(MATCH($B21,'DIVISION 15'!$A$2:$H$2,0),""),IFNA(MATCH($B21,'DIVISION 15'!$A$3:$H$3,0),""),IFNA(MATCH($B21,'DIVISION 15'!$A$4:$H$4,0),""),IFNA(MATCH($B21,'DIVISION 15'!$A$5:$H$5,0),""),IFNA(MATCH($B21,'DIVISION 15'!$A$6:$H$6,0),""),IFNA(MATCH($B21,'DIVISION 15'!$A$7:$H$7,0),""),IFNA(MATCH($B21,'DIVISION 15'!$A$8:$H$8,0),""),IFNA(MATCH($B21,'DIVISION 15'!$A$9:$H$9,0),""),IFNA(MATCH($B21,'DIVISION 15'!$A$10:$H$10,0),""),IFNA(MATCH($B21,'DIVISION 15'!$A$11:$H$11,0),""),IFNA(MATCH($B21,'DIVISION 15'!$A$12:$H$12,0),""),IFNA(MATCH($B21,'DIVISION 15'!$A$13:$H$13,0),""),IFNA(MATCH($B21,'DIVISION 15'!$A$14:$H$14,0),""),IFNA(MATCH($B21,'DIVISION 15'!$A$15:$H$15,0),""),IFNA(MATCH($B21,'DIVISION 15'!$A$16:$H$16,0),""),IFNA(MATCH($B21,'DIVISION 15'!$A$17:$H$17,0),""),IFNA(MATCH($B21,'DIVISION 15'!$A$18:$H$18,0),""))=1,'DIVISION 15'!$A$1,SUM(IFNA(MATCH($B21,'DIVISION 15'!$A$2:$H$2,0),""),IFNA(MATCH($B21,'DIVISION 15'!$A$3:$H$3,0),""),IFNA(MATCH($B21,'DIVISION 15'!$A$4:$H$4,0),""),IFNA(MATCH($B21,'DIVISION 15'!$A$5:$H$5,0),""),IFNA(MATCH($B21,'DIVISION 15'!$A$6:$H$6,0),""),IFNA(MATCH($B21,'DIVISION 15'!$A$7:$H$7,0),""),IFNA(MATCH($B21,'DIVISION 15'!$A$8:$H$8,0),""),IFNA(MATCH($B21,'DIVISION 15'!$A$9:$H$9,0),""),IFNA(MATCH($B21,'DIVISION 15'!$A$10:$H$10,0),""),IFNA(MATCH($B21,'DIVISION 15'!$A$11:$H$11,0),""),IFNA(MATCH($B21,'DIVISION 15'!$A$12:$H$12,0),""),IFNA(MATCH($B21,'DIVISION 15'!$A$13:$H$13,0),""),IFNA(MATCH($B21,'DIVISION 15'!$A$14:$H$14,0),""),IFNA(MATCH($B21,'DIVISION 15'!$A$15:$H$15,0),""),IFNA(MATCH($B21,'DIVISION 15'!$A$16:$H$16,0),""),IFNA(MATCH($B21,'DIVISION 15'!$A$17:$H$17,0),""),IFNA(MATCH($B21,'DIVISION 15'!$A$18:$H$18,0),""))=2,'DIVISION 15'!$B$1,SUM(IFNA(MATCH($B21,'DIVISION 15'!$A$2:$H$2,0),""),IFNA(MATCH($B21,'DIVISION 15'!$A$3:$H$3,0),""),IFNA(MATCH($B21,'DIVISION 15'!$A$4:$H$4,0),""),IFNA(MATCH($B21,'DIVISION 15'!$A$5:$H$5,0),""),IFNA(MATCH($B21,'DIVISION 15'!$A$6:$H$6,0),""),IFNA(MATCH($B21,'DIVISION 15'!$A$7:$H$7,0),""),IFNA(MATCH($B21,'DIVISION 15'!$A$8:$H$8,0),""),IFNA(MATCH($B21,'DIVISION 15'!$A$9:$H$9,0),""),IFNA(MATCH($B21,'DIVISION 15'!$A$10:$H$10,0),""),IFNA(MATCH($B21,'DIVISION 15'!$A$11:$H$11,0),""),IFNA(MATCH($B21,'DIVISION 15'!$A$12:$H$12,0),""),IFNA(MATCH($B21,'DIVISION 15'!$A$13:$H$13,0),""),IFNA(MATCH($B21,'DIVISION 15'!$A$14:$H$14,0),""),IFNA(MATCH($B21,'DIVISION 15'!$A$15:$H$15,0),""),IFNA(MATCH($B21,'DIVISION 15'!$A$16:$H$16,0),""),IFNA(MATCH($B21,'DIVISION 15'!$A$17:$H$17,0),""),IFNA(MATCH($B21,'DIVISION 15'!$A$18:$H$18,0),""))=3,'DIVISION 15'!$C$1,SUM(IFNA(MATCH($B21,'DIVISION 15'!$A$2:$H$2,0),""),IFNA(MATCH($B21,'DIVISION 15'!$A$3:$H$3,0),""),IFNA(MATCH($B21,'DIVISION 15'!$A$4:$H$4,0),""),IFNA(MATCH($B21,'DIVISION 15'!$A$5:$H$5,0),""),IFNA(MATCH($B21,'DIVISION 15'!$A$6:$H$6,0),""),IFNA(MATCH($B21,'DIVISION 15'!$A$7:$H$7,0),""),IFNA(MATCH($B21,'DIVISION 15'!$A$8:$H$8,0),""),IFNA(MATCH($B21,'DIVISION 15'!$A$9:$H$9,0),""),IFNA(MATCH($B21,'DIVISION 15'!$A$10:$H$10,0),""),IFNA(MATCH($B21,'DIVISION 15'!$A$11:$H$11,0),""),IFNA(MATCH($B21,'DIVISION 15'!$A$12:$H$12,0),""),IFNA(MATCH($B21,'DIVISION 15'!$A$13:$H$13,0),""),IFNA(MATCH($B21,'DIVISION 15'!$A$14:$H$14,0),""),IFNA(MATCH($B21,'DIVISION 15'!$A$15:$H$15,0),""),IFNA(MATCH($B21,'DIVISION 15'!$A$16:$H$16,0),""),IFNA(MATCH($B21,'DIVISION 15'!$A$17:$H$17,0),""),IFNA(MATCH($B21,'DIVISION 15'!$A$18:$H$18,0),""))=4,'DIVISION 15'!$D$1,SUM(IFNA(MATCH($B21,'DIVISION 15'!$A$2:$H$2,0),""),IFNA(MATCH($B21,'DIVISION 15'!$A$3:$H$3,0),""),IFNA(MATCH($B21,'DIVISION 15'!$A$4:$H$4,0),""),IFNA(MATCH($B21,'DIVISION 15'!$A$5:$H$5,0),""),IFNA(MATCH($B21,'DIVISION 15'!$A$6:$H$6,0),""),IFNA(MATCH($B21,'DIVISION 15'!$A$7:$H$7,0),""),IFNA(MATCH($B21,'DIVISION 15'!$A$8:$H$8,0),""),IFNA(MATCH($B21,'DIVISION 15'!$A$9:$H$9,0),""),IFNA(MATCH($B21,'DIVISION 15'!$A$10:$H$10,0),""),IFNA(MATCH($B21,'DIVISION 15'!$A$11:$H$11,0),""),IFNA(MATCH($B21,'DIVISION 15'!$A$12:$H$12,0),""),IFNA(MATCH($B21,'DIVISION 15'!$A$13:$H$13,0),""),IFNA(MATCH($B21,'DIVISION 15'!$A$14:$H$14,0),""),IFNA(MATCH($B21,'DIVISION 15'!$A$15:$H$15,0),""),IFNA(MATCH($B21,'DIVISION 15'!$A$16:$H$16,0),""),IFNA(MATCH($B21,'DIVISION 15'!$A$17:$H$17,0),""),IFNA(MATCH($B21,'DIVISION 15'!$A$18:$H$18,0),""))=5,'DIVISION 15'!$E$1,SUM(IFNA(MATCH($B21,'DIVISION 15'!$A$2:$H$2,0),""),IFNA(MATCH($B21,'DIVISION 15'!$A$3:$H$3,0),""),IFNA(MATCH($B21,'DIVISION 15'!$A$4:$H$4,0),""),IFNA(MATCH($B21,'DIVISION 15'!$A$5:$H$5,0),""),IFNA(MATCH($B21,'DIVISION 15'!$A$6:$H$6,0),""),IFNA(MATCH($B21,'DIVISION 15'!$A$7:$H$7,0),""),IFNA(MATCH($B21,'DIVISION 15'!$A$8:$H$8,0),""),IFNA(MATCH($B21,'DIVISION 15'!$A$9:$H$9,0),""),IFNA(MATCH($B21,'DIVISION 15'!$A$10:$H$10,0),""),IFNA(MATCH($B21,'DIVISION 15'!$A$11:$H$11,0),""),IFNA(MATCH($B21,'DIVISION 15'!$A$12:$H$12,0),""),IFNA(MATCH($B21,'DIVISION 15'!$A$13:$H$13,0),""),IFNA(MATCH($B21,'DIVISION 15'!$A$14:$H$14,0),""),IFNA(MATCH($B21,'DIVISION 15'!$A$15:$H$15,0),""),IFNA(MATCH($B21,'DIVISION 15'!$A$16:$H$16,0),""),IFNA(MATCH($B21,'DIVISION 15'!$A$17:$H$17,0),""),IFNA(MATCH($B21,'DIVISION 15'!$A$18:$H$18,0),""))=6,'DIVISION 15'!$F$1,SUM(IFNA(MATCH($B21,'DIVISION 15'!$A$2:$H$2,0),""),IFNA(MATCH($B21,'DIVISION 15'!$A$3:$H$3,0),""),IFNA(MATCH($B21,'DIVISION 15'!$A$4:$H$4,0),""),IFNA(MATCH($B21,'DIVISION 15'!$A$5:$H$5,0),""),IFNA(MATCH($B21,'DIVISION 15'!$A$6:$H$6,0),""),IFNA(MATCH($B21,'DIVISION 15'!$A$7:$H$7,0),""),IFNA(MATCH($B21,'DIVISION 15'!$A$8:$H$8,0),""),IFNA(MATCH($B21,'DIVISION 15'!$A$9:$H$9,0),""),IFNA(MATCH($B21,'DIVISION 15'!$A$10:$H$10,0),""),IFNA(MATCH($B21,'DIVISION 15'!$A$11:$H$11,0),""),IFNA(MATCH($B21,'DIVISION 15'!$A$12:$H$12,0),""),IFNA(MATCH($B21,'DIVISION 15'!$A$13:$H$13,0),""),IFNA(MATCH($B21,'DIVISION 15'!$A$14:$H$14,0),""),IFNA(MATCH($B21,'DIVISION 15'!$A$15:$H$15,0),""),IFNA(MATCH($B21,'DIVISION 15'!$A$16:$H$16,0),""),IFNA(MATCH($B21,'DIVISION 15'!$A$17:$H$17,0),""),IFNA(MATCH($B21,'DIVISION 15'!$A$18:$H$18,0),""))=7,'DIVISION 15'!$G$1,SUM(IFNA(MATCH($B21,'DIVISION 15'!$A$2:$H$2,0),""),IFNA(MATCH($B21,'DIVISION 15'!$A$3:$H$3,0),""),IFNA(MATCH($B21,'DIVISION 15'!$A$4:$H$4,0),""),IFNA(MATCH($B21,'DIVISION 15'!$A$5:$H$5,0),""),IFNA(MATCH($B21,'DIVISION 15'!$A$6:$H$6,0),""),IFNA(MATCH($B21,'DIVISION 15'!$A$7:$H$7,0),""),IFNA(MATCH($B21,'DIVISION 15'!$A$8:$H$8,0),""),IFNA(MATCH($B21,'DIVISION 15'!$A$9:$H$9,0),""),IFNA(MATCH($B21,'DIVISION 15'!$A$10:$H$10,0),""),IFNA(MATCH($B21,'DIVISION 15'!$A$11:$H$11,0),""),IFNA(MATCH($B21,'DIVISION 15'!$A$12:$H$12,0),""),IFNA(MATCH($B21,'DIVISION 15'!$A$13:$H$13,0),""),IFNA(MATCH($B21,'DIVISION 15'!$A$14:$H$14,0),""),IFNA(MATCH($B21,'DIVISION 15'!$A$15:$H$15,0),""),IFNA(MATCH($B21,'DIVISION 15'!$A$16:$H$16,0),""),IFNA(MATCH($B21,'DIVISION 15'!$A$17:$H$17,0),""),IFNA(MATCH($B21,'DIVISION 15'!$A$18:$H$18,0),""))=8,'DIVISION 15'!$H$1) -> EITU | U21: =T21&COUNTIF($T$1:T21,T21) -> EITU4 | V21: =SUMIF(AsistenciaViewJetAdmin!$A$3:$A$101,A21,AsistenciaViewJetAdmin!$C$3:$C$101)/(COUNTIF(AsistenciaViewJetAdmin!$D$102:V$102,">0")+COUNTIF(ActividadesEspeciales!$D$102:V$102,">0"))*100 -> 69.148936
A22: 142 | B22: Santino Toimaher | C22: 1137502 | D22: 39824 | E22: 49836499 | F22: stoimaher@gmail.com | G22: 1128505242 | H22: Romina Frydman | I22: rominumeral@hotmail.com | J22: 1132519557 | K22: Ariel Toimaher | L22: aritoima@hotmail.com | M22: 1158827737 | N22: Ort | O22: Hermano en Moadon | P22: Fútbol | Q22: Jashibut | R22: Sin restricciones | S22: NARANJA | T22: =IFS(SUM(IFNA(MATCH($B22,'DIVISION 15'!$A$2:$H$2,0),""),IFNA(MATCH($B22,'DIVISION 15'!$A$3:$H$3,0),""),IFNA(MATCH($B22,'DIVISION 15'!$A$4:$H$4,0),""),IFNA(MATCH($B22,'DIVISION 15'!$A$5:$H$5,0),""),IFNA(MATCH($B22,'DIVISION 15'!$A$6:$H$6,0),""),IFNA(MATCH($B22,'DIVISION 15'!$A$7:$H$7,0),""),IFNA(MATCH($B22,'DIVISION 15'!$A$8:$H$8,0),""),IFNA(MATCH($B22,'DIVISION 15'!$A$9:$H$9,0),""),IFNA(MATCH($B22,'DIVISION 15'!$A$10:$H$10,0),""),IFNA(MATCH($B22,'DIVISION 15'!$A$11:$H$11,0),""),IFNA(MATCH($B22,'DIVISION 15'!$A$12:$H$12,0),""),IFNA(MATCH($B22,'DIVISION 15'!$A$13:$H$13,0),""),IFNA(MATCH($B22,'DIVISION 15'!$A$14:$H$14,0),""),IFNA(MATCH($B22,'DIVISION 15'!$A$15:$H$15,0),""),IFNA(MATCH($B22,'DIVISION 15'!$A$16:$H$16,0),""),IFNA(MATCH($B22,'DIVISION 15'!$A$17:$H$17,0),""),IFNA(MATCH($B22,'DIVISION 15'!$A$18:$H$18,0),""))=1,'DIVISION 15'!$A$1,SUM(IFNA(MATCH($B22,'DIVISION 15'!$A$2:$H$2,0),""),IFNA(MATCH($B22,'DIVISION 15'!$A$3:$H$3,0),""),IFNA(MATCH($B22,'DIVISION 15'!$A$4:$H$4,0),""),IFNA(MATCH($B22,'DIVISION 15'!$A$5:$H$5,0),""),IFNA(MATCH($B22,'DIVISION 15'!$A$6:$H$6,0),""),IFNA(MATCH($B22,'DIVISION 15'!$A$7:$H$7,0),""),IFNA(MATCH($B22,'DIVISION 15'!$A$8:$H$8,0),""),IFNA(MATCH($B22,'DIVISION 15'!$A$9:$H$9,0),""),IFNA(MATCH($B22,'DIVISION 15'!$A$10:$H$10,0),""),IFNA(MATCH($B22,'DIVISION 15'!$A$11:$H$11,0),""),IFNA(MATCH($B22,'DIVISION 15'!$A$12:$H$12,0),""),IFNA(MATCH($B22,'DIVISION 15'!$A$13:$H$13,0),""),IFNA(MATCH($B22,'DIVISION 15'!$A$14:$H$14,0),""),IFNA(MATCH($B22,'DIVISION 15'!$A$15:$H$15,0),""),IFNA(MATCH($B22,'DIVISION 15'!$A$16:$H$16,0),""),IFNA(MATCH($B22,'DIVISION 15'!$A$17:$H$17,0),""),IFNA(MATCH($B22,'DIVISION 15'!$A$18:$H$18,0),""))=2,'DIVISION 15'!$B$1,SUM(IFNA(MATCH($B22,'DIVISION 15'!$A$2:$H$2,0),""),IFNA(MATCH($B22,'DIVISION 15'!$A$3:$H$3,0),""),IFNA(MATCH($B22,'DIVISION 15'!$A$4:$H$4,0),""),IFNA(MATCH($B22,'DIVISION 15'!$A$5:$H$5,0),""),IFNA(MATCH($B22,'DIVISION 15'!$A$6:$H$6,0),""),IFNA(MATCH($B22,'DIVISION 15'!$A$7:$H$7,0),""),IFNA(MATCH($B22,'DIVISION 15'!$A$8:$H$8,0),""),IFNA(MATCH($B22,'DIVISION 15'!$A$9:$H$9,0),""),IFNA(MATCH($B22,'DIVISION 15'!$A$10:$H$10,0),""),IFNA(MATCH($B22,'DIVISION 15'!$A$11:$H$11,0),""),IFNA(MATCH($B22,'DIVISION 15'!$A$12:$H$12,0),""),IFNA(MATCH($B22,'DIVISION 15'!$A$13:$H$13,0),""),IFNA(MATCH($B22,'DIVISION 15'!$A$14:$H$14,0),""),IFNA(MATCH($B22,'DIVISION 15'!$A$15:$H$15,0),""),IFNA(MATCH($B22,'DIVISION 15'!$A$16:$H$16,0),""),IFNA(MATCH($B22,'DIVISION 15'!$A$17:$H$17,0),""),IFNA(MATCH($B22,'DIVISION 15'!$A$18:$H$18,0),""))=3,'DIVISION 15'!$C$1,SUM(IFNA(MATCH($B22,'DIVISION 15'!$A$2:$H$2,0),""),IFNA(MATCH($B22,'DIVISION 15'!$A$3:$H$3,0),""),IFNA(MATCH($B22,'DIVISION 15'!$A$4:$H$4,0),""),IFNA(MATCH($B22,'DIVISION 15'!$A$5:$H$5,0),""),IFNA(MATCH($B22,'DIVISION 15'!$A$6:$H$6,0),""),IFNA(MATCH($B22,'DIVISION 15'!$A$7:$H$7,0),""),IFNA(MATCH($B22,'DIVISION 15'!$A$8:$H$8,0),""),IFNA(MATCH($B22,'DIVISION 15'!$A$9:$H$9,0),""),IFNA(MATCH($B22,'DIVISION 15'!$A$10:$H$10,0),""),IFNA(MATCH($B22,'DIVISION 15'!$A$11:$H$11,0),""),IFNA(MATCH($B22,'DIVISION 15'!$A$12:$H$12,0),""),IFNA(MATCH($B22,'DIVISION 15'!$A$13:$H$13,0),""),IFNA(MATCH($B22,'DIVISION 15'!$A$14:$H$14,0),""),IFNA(MATCH($B22,'DIVISION 15'!$A$15:$H$15,0),""),IFNA(MATCH($B22,'DIVISION 15'!$A$16:$H$16,0),""),IFNA(MATCH($B22,'DIVISION 15'!$A$17:$H$17,0),""),IFNA(MATCH($B22,'DIVISION 15'!$A$18:$H$18,0),""))=4,'DIVISION 15'!$D$1,SUM(IFNA(MATCH($B22,'DIVISION 15'!$A$2:$H$2,0),""),IFNA(MATCH($B22,'DIVISION 15'!$A$3:$H$3,0),""),IFNA(MATCH($B22,'DIVISION 15'!$A$4:$H$4,0),""),IFNA(MATCH($B22,'DIVISION 15'!$A$5:$H$5,0),""),IFNA(MATCH($B22,'DIVISION 15'!$A$6:$H$6,0),""),IFNA(MATCH($B22,'DIVISION 15'!$A$7:$H$7,0),""),IFNA(MATCH($B22,'DIVISION 15'!$A$8:$H$8,0),""),IFNA(MATCH($B22,'DIVISION 15'!$A$9:$H$9,0),""),IFNA(MATCH($B22,'DIVISION 15'!$A$10:$H$10,0),""),IFNA(MATCH($B22,'DIVISION 15'!$A$11:$H$11,0),""),IFNA(MATCH($B22,'DIVISION 15'!$A$12:$H$12,0),""),IFNA(MATCH($B22,'DIVISION 15'!$A$13:$H$13,0),""),IFNA(MATCH($B22,'DIVISION 15'!$A$14:$H$14,0),""),IFNA(MATCH($B22,'DIVISION 15'!$A$15:$H$15,0),""),IFNA(MATCH($B22,'DIVISION 15'!$A$16:$H$16,0),""),IFNA(MATCH($B22,'DIVISION 15'!$A$17:$H$17,0),""),IFNA(MATCH($B22,'DIVISION 15'!$A$18:$H$18,0),""))=5,'DIVISION 15'!$E$1,SUM(IFNA(MATCH($B22,'DIVISION 15'!$A$2:$H$2,0),""),IFNA(MATCH($B22,'DIVISION 15'!$A$3:$H$3,0),""),IFNA(MATCH($B22,'DIVISION 15'!$A$4:$H$4,0),""),IFNA(MATCH($B22,'DIVISION 15'!$A$5:$H$5,0),""),IFNA(MATCH($B22,'DIVISION 15'!$A$6:$H$6,0),""),IFNA(MATCH($B22,'DIVISION 15'!$A$7:$H$7,0),""),IFNA(MATCH($B22,'DIVISION 15'!$A$8:$H$8,0),""),IFNA(MATCH($B22,'DIVISION 15'!$A$9:$H$9,0),""),IFNA(MATCH($B22,'DIVISION 15'!$A$10:$H$10,0),""),IFNA(MATCH($B22,'DIVISION 15'!$A$11:$H$11,0),""),IFNA(MATCH($B22,'DIVISION 15'!$A$12:$H$12,0),""),IFNA(MATCH($B22,'DIVISION 15'!$A$13:$H$13,0),""),IFNA(MATCH($B22,'DIVISION 15'!$A$14:$H$14,0),""),IFNA(MATCH($B22,'DIVISION 15'!$A$15:$H$15,0),""),IFNA(MATCH($B22,'DIVISION 15'!$A$16:$H$16,0),""),IFNA(MATCH($B22,'DIVISION 15'!$A$17:$H$17,0),""),IFNA(MATCH($B22,'DIVISION 15'!$A$18:$H$18,0),""))=6,'DIVISION 15'!$F$1,SUM(IFNA(MATCH($B22,'DIVISION 15'!$A$2:$H$2,0),""),IFNA(MATCH($B22,'DIVISION 15'!$A$3:$H$3,0),""),IFNA(MATCH($B22,'DIVISION 15'!$A$4:$H$4,0),""),IFNA(MATCH($B22,'DIVISION 15'!$A$5:$H$5,0),""),IFNA(MATCH($B22,'DIVISION 15'!$A$6:$H$6,0),""),IFNA(MATCH($B22,'DIVISION 15'!$A$7:$H$7,0),""),IFNA(MATCH($B22,'DIVISION 15'!$A$8:$H$8,0),""),IFNA(MATCH($B22,'DIVISION 15'!$A$9:$H$9,0),""),IFNA(MATCH($B22,'DIVISION 15'!$A$10:$H$10,0),""),IFNA(MATCH($B22,'DIVISION 15'!$A$11:$H$11,0),""),IFNA(MATCH($B22,'DIVISION 15'!$A$12:$H$12,0),""),IFNA(MATCH($B22,'DIVISION 15'!$A$13:$H$13,0),""),IFNA(MATCH($B22,'DIVISION 15'!$A$14:$H$14,0),""),IFNA(MATCH($B22,'DIVISION 15'!$A$15:$H$15,0),""),IFNA(MATCH($B22,'DIVISION 15'!$A$16:$H$16,0),""),IFNA(MATCH($B22,'DIVISION 15'!$A$17:$H$17,0),""),IFNA(MATCH($B22,'DIVISION 15'!$A$18:$H$18,0),""))=7,'DIVISION 15'!$G$1,SUM(IFNA(MATCH($B22,'DIVISION 15'!$A$2:$H$2,0),""),IFNA(MATCH($B22,'DIVISION 15'!$A$3:$H$3,0),""),IFNA(MATCH($B22,'DIVISION 15'!$A$4:$H$4,0),""),IFNA(MATCH($B22,'DIVISION 15'!$A$5:$H$5,0),""),IFNA(MATCH($B22,'DIVISION 15'!$A$6:$H$6,0),""),IFNA(MATCH($B22,'DIVISION 15'!$A$7:$H$7,0),""),IFNA(MATCH($B22,'DIVISION 15'!$A$8:$H$8,0),""),IFNA(MATCH($B22,'DIVISION 15'!$A$9:$H$9,0),""),IFNA(MATCH($B22,'DIVISION 15'!$A$10:$H$10,0),""),IFNA(MATCH($B22,'DIVISION 15'!$A$11:$H$11,0),""),IFNA(MATCH($B22,'DIVISION 15'!$A$12:$H$12,0),""),IFNA(MATCH($B22,'DIVISION 15'!$A$13:$H$13,0),""),IFNA(MATCH($B22,'DIVISION 15'!$A$14:$H$14,0),""),IFNA(MATCH($B22,'DIVISION 15'!$A$15:$H$15,0),""),IFNA(MATCH($B22,'DIVISION 15'!$A$16:$H$16,0),""),IFNA(MATCH($B22,'DIVISION 15'!$A$17:$H$17,0),""),IFNA(MATCH($B22,'DIVISION 15'!$A$18:$H$18,0),""))=8,'DIVISION 15'!$H$1) -> DAIU | U22: =T22&COUNTIF($T$1:T22,T22) -> DAIU4 | V22: =SUMIF(AsistenciaViewJetAdmin!$A$3:$A$101,A22,AsistenciaViewJetAdmin!$C$3:$C$101)/(COUNTIF(AsistenciaViewJetAdmin!$D$102:V$102,">0")+COUNTIF(ActividadesEspeciales!$D$102:V$102,">0"))*100 -> 51.595745
A23: 205 | B23: Santiago Biman | C23: 1033702 | D23: 15/03/2010 | E23: 50235076 | F23: santiagobiman@gmail.com | G23: 1127093547 | H23: Laura Bocles | I23: laubocles@hotmail.com | J23: 11-6694-0173 | K23: Mariano Biman | L23: marianobiman@gmail.com | M23: 113795-6945 | N23: Ort Yatay | O23: Moadon (2025) | P23: Futbol | Q23: Nedarim | R23: Kosher | S23: AZUL | T23: =IFS(SUM(IFNA(MATCH($B23,'DIVISION 15'!$A$2:$H$2,0),""),IFNA(MATCH($B23,'DIVISION 15'!$A$3:$H$3,0),""),IFNA(MATCH($B23,'DIVISION 15'!$A$4:$H$4,0),""),IFNA(MATCH($B23,'DIVISION 15'!$A$5:$H$5,0),""),IFNA(MATCH($B23,'DIVISION 15'!$A$6:$H$6,0),""),IFNA(MATCH($B23,'DIVISION 15'!$A$7:$H$7,0),""),IFNA(MATCH($B23,'DIVISION 15'!$A$8:$H$8,0),""),IFNA(MATCH($B23,'DIVISION 15'!$A$9:$H$9,0),""),IFNA(MATCH($B23,'DIVISION 15'!$A$10:$H$10,0),""),IFNA(MATCH($B23,'DIVISION 15'!$A$11:$H$11,0),""),IFNA(MATCH($B23,'DIVISION 15'!$A$12:$H$12,0),""),IFNA(MATCH($B23,'DIVISION 15'!$A$13:$H$13,0),""),IFNA(MATCH($B23,'DIVISION 15'!$A$14:$H$14,0),""),IFNA(MATCH($B23,'DIVISION 15'!$A$15:$H$15,0),""),IFNA(MATCH($B23,'DIVISION 15'!$A$16:$H$16,0),""),IFNA(MATCH($B23,'DIVISION 15'!$A$17:$H$17,0),""),IFNA(MATCH($B23,'DIVISION 15'!$A$18:$H$18,0),""))=1,'DIVISION 15'!$A$1,SUM(IFNA(MATCH($B23,'DIVISION 15'!$A$2:$H$2,0),""),IFNA(MATCH($B23,'DIVISION 15'!$A$3:$H$3,0),""),IFNA(MATCH($B23,'DIVISION 15'!$A$4:$H$4,0),""),IFNA(MATCH($B23,'DIVISION 15'!$A$5:$H$5,0),""),IFNA(MATCH($B23,'DIVISION 15'!$A$6:$H$6,0),""),IFNA(MATCH($B23,'DIVISION 15'!$A$7:$H$7,0),""),IFNA(MATCH($B23,'DIVISION 15'!$A$8:$H$8,0),""),IFNA(MATCH($B23,'DIVISION 15'!$A$9:$H$9,0),""),IFNA(MATCH($B23,'DIVISION 15'!$A$10:$H$10,0),""),IFNA(MATCH($B23,'DIVISION 15'!$A$11:$H$11,0),""),IFNA(MATCH($B23,'DIVISION 15'!$A$12:$H$12,0),""),IFNA(MATCH($B23,'DIVISION 15'!$A$13:$H$13,0),""),IFNA(MATCH($B23,'DIVISION 15'!$A$14:$H$14,0),""),IFNA(MATCH($B23,'DIVISION 15'!$A$15:$H$15,0),""),IFNA(MATCH($B23,'DIVISION 15'!$A$16:$H$16,0),""),IFNA(MATCH($B23,'DIVISION 15'!$A$17:$H$17,0),""),IFNA(MATCH($B23,'DIVISION 15'!$A$18:$H$18,0),""))=2,'DIVISION 15'!$B$1,SUM(IFNA(MATCH($B23,'DIVISION 15'!$A$2:$H$2,0),""),IFNA(MATCH($B23,'DIVISION 15'!$A$3:$H$3,0),""),IFNA(MATCH($B23,'DIVISION 15'!$A$4:$H$4,0),""),IFNA(MATCH($B23,'DIVISION 15'!$A$5:$H$5,0),""),IFNA(MATCH($B23,'DIVISION 15'!$A$6:$H$6,0),""),IFNA(MATCH($B23,'DIVISION 15'!$A$7:$H$7,0),""),IFNA(MATCH($B23,'DIVISION 15'!$A$8:$H$8,0),""),IFNA(MATCH($B23,'DIVISION 15'!$A$9:$H$9,0),""),IFNA(MATCH($B23,'DIVISION 15'!$A$10:$H$10,0),""),IFNA(MATCH($B23,'DIVISION 15'!$A$11:$H$11,0),""),IFNA(MATCH($B23,'DIVISION 15'!$A$12:$H$12,0),""),IFNA(MATCH($B23,'DIVISION 15'!$A$13:$H$13,0),""),IFNA(MATCH($B23,'DIVISION 15'!$A$14:$H$14,0),""),IFNA(MATCH($B23,'DIVISION 15'!$A$15:$H$15,0),""),IFNA(MATCH($B23,'DIVISION 15'!$A$16:$H$16,0),""),IFNA(MATCH($B23,'DIVISION 15'!$A$17:$H$17,0),""),IFNA(MATCH($B23,'DIVISION 15'!$A$18:$H$18,0),""))=3,'DIVISION 15'!$C$1,SUM(IFNA(MATCH($B23,'DIVISION 15'!$A$2:$H$2,0),""),IFNA(MATCH($B23,'DIVISION 15'!$A$3:$H$3,0),""),IFNA(MATCH($B23,'DIVISION 15'!$A$4:$H$4,0),""),IFNA(MATCH($B23,'DIVISION 15'!$A$5:$H$5,0),""),IFNA(MATCH($B23,'DIVISION 15'!$A$6:$H$6,0),""),IFNA(MATCH($B23,'DIVISION 15'!$A$7:$H$7,0),""),IFNA(MATCH($B23,'DIVISION 15'!$A$8:$H$8,0),""),IFNA(MATCH($B23,'DIVISION 15'!$A$9:$H$9,0),""),IFNA(MATCH($B23,'DIVISION 15'!$A$10:$H$10,0),""),IFNA(MATCH($B23,'DIVISION 15'!$A$11:$H$11,0),""),IFNA(MATCH($B23,'DIVISION 15'!$A$12:$H$12,0),""),IFNA(MATCH($B23,'DIVISION 15'!$A$13:$H$13,0),""),IFNA(MATCH($B23,'DIVISION 15'!$A$14:$H$14,0),""),IFNA(MATCH($B23,'DIVISION 15'!$A$15:$H$15,0),""),IFNA(MATCH($B23,'DIVISION 15'!$A$16:$H$16,0),""),IFNA(MATCH($B23,'DIVISION 15'!$A$17:$H$17,0),""),IFNA(MATCH($B23,'DIVISION 15'!$A$18:$H$18,0),""))=4,'DIVISION 15'!$D$1,SUM(IFNA(MATCH($B23,'DIVISION 15'!$A$2:$H$2,0),""),IFNA(MATCH($B23,'DIVISION 15'!$A$3:$H$3,0),""),IFNA(MATCH($B23,'DIVISION 15'!$A$4:$H$4,0),""),IFNA(MATCH($B23,'DIVISION 15'!$A$5:$H$5,0),""),IFNA(MATCH($B23,'DIVISION 15'!$A$6:$H$6,0),""),IFNA(MATCH($B23,'DIVISION 15'!$A$7:$H$7,0),""),IFNA(MATCH($B23,'DIVISION 15'!$A$8:$H$8,0),""),IFNA(MATCH($B23,'DIVISION 15'!$A$9:$H$9,0),""),IFNA(MATCH($B23,'DIVISION 15'!$A$10:$H$10,0),""),IFNA(MATCH($B23,'DIVISION 15'!$A$11:$H$11,0),""),IFNA(MATCH($B23,'DIVISION 15'!$A$12:$H$12,0),""),IFNA(MATCH($B23,'DIVISION 15'!$A$13:$H$13,0),""),IFNA(MATCH($B23,'DIVISION 15'!$A$14:$H$14,0),""),IFNA(MATCH($B23,'DIVISION 15'!$A$15:$H$15,0),""),IFNA(MATCH($B23,'DIVISION 15'!$A$16:$H$16,0),""),IFNA(MATCH($B23,'DIVISION 15'!$A$17:$H$17,0),""),IFNA(MATCH($B23,'DIVISION 15'!$A$18:$H$18,0),""))=5,'DIVISION 15'!$E$1,SUM(IFNA(MATCH($B23,'DIVISION 15'!$A$2:$H$2,0),""),IFNA(MATCH($B23,'DIVISION 15'!$A$3:$H$3,0),""),IFNA(MATCH($B23,'DIVISION 15'!$A$4:$H$4,0),""),IFNA(MATCH($B23,'DIVISION 15'!$A$5:$H$5,0),""),IFNA(MATCH($B23,'DIVISION 15'!$A$6:$H$6,0),""),IFNA(MATCH($B23,'DIVISION 15'!$A$7:$H$7,0),""),IFNA(MATCH($B23,'DIVISION 15'!$A$8:$H$8,0),""),IFNA(MATCH($B23,'DIVISION 15'!$A$9:$H$9,0),""),IFNA(MATCH($B23,'DIVISION 15'!$A$10:$H$10,0),""),IFNA(MATCH($B23,'DIVISION 15'!$A$11:$H$11,0),""),IFNA(MATCH($B23,'DIVISION 15'!$A$12:$H$12,0),""),IFNA(MATCH($B23,'DIVISION 15'!$A$13:$H$13,0),""),IFNA(MATCH($B23,'DIVISION 15'!$A$14:$H$14,0),""),IFNA(MATCH($B23,'DIVISION 15'!$A$15:$H$15,0),""),IFNA(MATCH($B23,'DIVISION 15'!$A$16:$H$16,0),""),IFNA(MATCH($B23,'DIVISION 15'!$A$17:$H$17,0),""),IFNA(MATCH($B23,'DIVISION 15'!$A$18:$H$18,0),""))=6,'DIVISION 15'!$F$1,SUM(IFNA(MATCH($B23,'DIVISION 15'!$A$2:$H$2,0),""),IFNA(MATCH($B23,'DIVISION 15'!$A$3:$H$3,0),""),IFNA(MATCH($B23,'DIVISION 15'!$A$4:$H$4,0),""),IFNA(MATCH($B23,'DIVISION 15'!$A$5:$H$5,0),""),IFNA(MATCH($B23,'DIVISION 15'!$A$6:$H$6,0),""),IFNA(MATCH($B23,'DIVISION 15'!$A$7:$H$7,0),""),IFNA(MATCH($B23,'DIVISION 15'!$A$8:$H$8,0),""),IFNA(MATCH($B23,'DIVISION 15'!$A$9:$H$9,0),""),IFNA(MATCH($B23,'DIVISION 15'!$A$10:$H$10,0),""),IFNA(MATCH($B23,'DIVISION 15'!$A$11:$H$11,0),""),IFNA(MATCH($B23,'DIVISION 15'!$A$12:$H$12,0),""),IFNA(MATCH($B23,'DIVISION 15'!$A$13:$H$13,0),""),IFNA(MATCH($B23,'DIVISION 15'!$A$14:$H$14,0),""),IFNA(MATCH($B23,'DIVISION 15'!$A$15:$H$15,0),""),IFNA(MATCH($B23,'DIVISION 15'!$A$16:$H$16,0),""),IFNA(MATCH($B23,'DIVISION 15'!$A$17:$H$17,0),""),IFNA(MATCH($B23,'DIVISION 15'!$A$18:$H$18,0),""))=7,'DIVISION 15'!$G$1,SUM(IFNA(MATCH($B23,'DIVISION 15'!$A$2:$H$2,0),""),IFNA(MATCH($B23,'DIVISION 15'!$A$3:$H$3,0),""),IFNA(MATCH($B23,'DIVISION 15'!$A$4:$H$4,0),""),IFNA(MATCH($B23,'DIVISION 15'!$A$5:$H$5,0),""),IFNA(MATCH($B23,'DIVISION 15'!$A$6:$H$6,0),""),IFNA(MATCH($B23,'DIVISION 15'!$A$7:$H$7,0),""),IFNA(MATCH($B23,'DIVISION 15'!$A$8:$H$8,0),""),IFNA(MATCH($B23,'DIVISION 15'!$A$9:$H$9,0),""),IFNA(MATCH($B23,'DIVISION 15'!$A$10:$H$10,0),""),IFNA(MATCH($B23,'DIVISION 15'!$A$11:$H$11,0),""),IFNA(MATCH($B23,'DIVISION 15'!$A$12:$H$12,0),""),IFNA(MATCH($B23,'DIVISION 15'!$A$13:$H$13,0),""),IFNA(MATCH($B23,'DIVISION 15'!$A$14:$H$14,0),""),IFNA(MATCH($B23,'DIVISION 15'!$A$15:$H$15,0),""),IFNA(MATCH($B23,'DIVISION 15'!$A$16:$H$16,0),""),IFNA(MATCH($B23,'DIVISION 15'!$A$17:$H$17,0),""),IFNA(MATCH($B23,'DIVISION 15'!$A$18:$H$18,0),""))=8,'DIVISION 15'!$H$1) -> MELU | U23: =T23&COUNTIF($T$1:T23,T23) -> MELU2 | V23: =SUMIF(AsistenciaViewJetAdmin!$A$3:$A$101,A23,AsistenciaViewJetAdmin!$C$3:$C$101)/(COUNTIF(AsistenciaViewJetAdmin!$D$102:V$102,">0")+COUNTIF(ActividadesEspeciales!$D$102:V$102,">0"))*100 -> 80.319149
A24: 202 | B24: Roy Alhadeff | C24: 9946 | D24: 24/08/08 | E24: 49703283 | F24: alhadeffroy24@gmail.com | G24: 38261502 | H24: Adriana Fainstein | I24: Fainsteinadriana@gmail.com | J24: 54 9 11 5581 5581 | K24: Rodrigo Alhadeff | L24: Bandini@gmail.com | M24: 54 9 11 3452-1662 | N24: Ort monta | O24: no | P24: futbol | Q24: Nedarim | R24: Sin restricciones | S24: NARANJA | T24: =IFS(SUM(IFNA(MATCH($B24,'DIVISION 15'!$A$2:$H$2,0),""),IFNA(MATCH($B24,'DIVISION 15'!$A$3:$H$3,0),""),IFNA(MATCH($B24,'DIVISION 15'!$A$4:$H$4,0),""),IFNA(MATCH($B24,'DIVISION 15'!$A$5:$H$5,0),""),IFNA(MATCH($B24,'DIVISION 15'!$A$6:$H$6,0),""),IFNA(MATCH($B24,'DIVISION 15'!$A$7:$H$7,0),""),IFNA(MATCH($B24,'DIVISION 15'!$A$8:$H$8,0),""),IFNA(MATCH($B24,'DIVISION 15'!$A$9:$H$9,0),""),IFNA(MATCH($B24,'DIVISION 15'!$A$10:$H$10,0),""),IFNA(MATCH($B24,'DIVISION 15'!$A$11:$H$11,0),""),IFNA(MATCH($B24,'DIVISION 15'!$A$12:$H$12,0),""),IFNA(MATCH($B24,'DIVISION 15'!$A$13:$H$13,0),""),IFNA(MATCH($B24,'DIVISION 15'!$A$14:$H$14,0),""),IFNA(MATCH($B24,'DIVISION 15'!$A$15:$H$15,0),""),IFNA(MATCH($B24,'DIVISION 15'!$A$16:$H$16,0),""),IFNA(MATCH($B24,'DIVISION 15'!$A$17:$H$17,0),""),IFNA(MATCH($B24,'DIVISION 15'!$A$18:$H$18,0),""))=1,'DIVISION 15'!$A$1,SUM(IFNA(MATCH($B24,'DIVISION 15'!$A$2:$H$2,0),""),IFNA(MATCH($B24,'DIVISION 15'!$A$3:$H$3,0),""),IFNA(MATCH($B24,'DIVISION 15'!$A$4:$H$4,0),""),IFNA(MATCH($B24,'DIVISION 15'!$A$5:$H$5,0),""),IFNA(MATCH($B24,'DIVISION 15'!$A$6:$H$6,0),""),IFNA(MATCH($B24,'DIVISION 15'!$A$7:$H$7,0),""),IFNA(MATCH($B24,'DIVISION 15'!$A$8:$H$8,0),""),IFNA(MATCH($B24,'DIVISION 15'!$A$9:$H$9,0),""),IFNA(MATCH($B24,'DIVISION 15'!$A$10:$H$10,0),""),IFNA(MATCH($B24,'DIVISION 15'!$A$11:$H$11,0),""),IFNA(MATCH($B24,'DIVISION 15'!$A$12:$H$12,0),""),IFNA(MATCH($B24,'DIVISION 15'!$A$13:$H$13,0),""),IFNA(MATCH($B24,'DIVISION 15'!$A$14:$H$14,0),""),IFNA(MATCH($B24,'DIVISION 15'!$A$15:$H$15,0),""),IFNA(MATCH($B24,'DIVISION 15'!$A$16:$H$16,0),""),IFNA(MATCH($B24,'DIVISION 15'!$A$17:$H$17,0),""),IFNA(MATCH($B24,'DIVISION 15'!$A$18:$H$18,0),""))=2,'DIVISION 15'!$B$1,SUM(IFNA(MATCH($B24,'DIVISION 15'!$A$2:$H$2,0),""),IFNA(MATCH($B24,'DIVISION 15'!$A$3:$H$3,0),""),IFNA(MATCH($B24,'DIVISION 15'!$A$4:$H$4,0),""),IFNA(MATCH($B24,'DIVISION 15'!$A$5:$H$5,0),""),IFNA(MATCH($B24,'DIVISION 15'!$A$6:$H$6,0),""),IFNA(MATCH($B24,'DIVISION 15'!$A$7:$H$7,0),""),IFNA(MATCH($B24,'DIVISION 15'!$A$8:$H$8,0),""),IFNA(MATCH($B24,'DIVISION 15'!$A$9:$H$9,0),""),IFNA(MATCH($B24,'DIVISION 15'!$A$10:$H$10,0),""),IFNA(MATCH($B24,'DIVISION 15'!$A$11:$H$11,0),""),IFNA(MATCH($B24,'DIVISION 15'!$A$12:$H$12,0),""),IFNA(MATCH($B24,'DIVISION 15'!$A$13:$H$13,0),""),IFNA(MATCH($B24,'DIVISION 15'!$A$14:$H$14,0),""),IFNA(MATCH($B24,'DIVISION 15'!$A$15:$H$15,0),""),IFNA(MATCH($B24,'DIVISION 15'!$A$16:$H$16,0),""),IFNA(MATCH($B24,'DIVISION 15'!$A$17:$H$17,0),""),IFNA(MATCH($B24,'DIVISION 15'!$A$18:$H$18,0),""))=3,'DIVISION 15'!$C$1,SUM(IFNA(MATCH($B24,'DIVISION 15'!$A$2:$H$2,0),""),IFNA(MATCH($B24,'DIVISION 15'!$A$3:$H$3,0),""),IFNA(MATCH($B24,'DIVISION 15'!$A$4:$H$4,0),""),IFNA(MATCH($B24,'DIVISION 15'!$A$5:$H$5,0),""),IFNA(MATCH($B24,'DIVISION 15'!$A$6:$H$6,0),""),IFNA(MATCH($B24,'DIVISION 15'!$A$7:$H$7,0),""),IFNA(MATCH($B24,'DIVISION 15'!$A$8:$H$8,0),""),IFNA(MATCH($B24,'DIVISION 15'!$A$9:$H$9,0),""),IFNA(MATCH($B24,'DIVISION 15'!$A$10:$H$10,0),""),IFNA(MATCH($B24,'DIVISION 15'!$A$11:$H$11,0),""),IFNA(MATCH($B24,'DIVISION 15'!$A$12:$H$12,0),""),IFNA(MATCH($B24,'DIVISION 15'!$A$13:$H$13,0),""),IFNA(MATCH($B24,'DIVISION 15'!$A$14:$H$14,0),""),IFNA(MATCH($B24,'DIVISION 15'!$A$15:$H$15,0),""),IFNA(MATCH($B24,'DIVISION 15'!$A$16:$H$16,0),""),IFNA(MATCH($B24,'DIVISION 15'!$A$17:$H$17,0),""),IFNA(MATCH($B24,'DIVISION 15'!$A$18:$H$18,0),""))=4,'DIVISION 15'!$D$1,SUM(IFNA(MATCH($B24,'DIVISION 15'!$A$2:$H$2,0),""),IFNA(MATCH($B24,'DIVISION 15'!$A$3:$H$3,0),""),IFNA(MATCH($B24,'DIVISION 15'!$A$4:$H$4,0),""),IFNA(MATCH($B24,'DIVISION 15'!$A$5:$H$5,0),""),IFNA(MATCH($B24,'DIVISION 15'!$A$6:$H$6,0),""),IFNA(MATCH($B24,'DIVISION 15'!$A$7:$H$7,0),""),IFNA(MATCH($B24,'DIVISION 15'!$A$8:$H$8,0),""),IFNA(MATCH($B24,'DIVISION 15'!$A$9:$H$9,0),""),IFNA(MATCH($B24,'DIVISION 15'!$A$10:$H$10,0),""),IFNA(MATCH($B24,'DIVISION 15'!$A$11:$H$11,0),""),IFNA(MATCH($B24,'DIVISION 15'!$A$12:$H$12,0),""),IFNA(MATCH($B24,'DIVISION 15'!$A$13:$H$13,0),""),IFNA(MATCH($B24,'DIVISION 15'!$A$14:$H$14,0),""),IFNA(MATCH($B24,'DIVISION 15'!$A$15:$H$15,0),""),IFNA(MATCH($B24,'DIVISION 15'!$A$16:$H$16,0),""),IFNA(MATCH($B24,'DIVISION 15'!$A$17:$H$17,0),""),IFNA(MATCH($B24,'DIVISION 15'!$A$18:$H$18,0),""))=5,'DIVISION 15'!$E$1,SUM(IFNA(MATCH($B24,'DIVISION 15'!$A$2:$H$2,0),""),IFNA(MATCH($B24,'DIVISION 15'!$A$3:$H$3,0),""),IFNA(MATCH($B24,'DIVISION 15'!$A$4:$H$4,0),""),IFNA(MATCH($B24,'DIVISION 15'!$A$5:$H$5,0),""),IFNA(MATCH($B24,'DIVISION 15'!$A$6:$H$6,0),""),IFNA(MATCH($B24,'DIVISION 15'!$A$7:$H$7,0),""),IFNA(MATCH($B24,'DIVISION 15'!$A$8:$H$8,0),""),IFNA(MATCH($B24,'DIVISION 15'!$A$9:$H$9,0),""),IFNA(MATCH($B24,'DIVISION 15'!$A$10:$H$10,0),""),IFNA(MATCH($B24,'DIVISION 15'!$A$11:$H$11,0),""),IFNA(MATCH($B24,'DIVISION 15'!$A$12:$H$12,0),""),IFNA(MATCH($B24,'DIVISION 15'!$A$13:$H$13,0),""),IFNA(MATCH($B24,'DIVISION 15'!$A$14:$H$14,0),""),IFNA(MATCH($B24,'DIVISION 15'!$A$15:$H$15,0),""),IFNA(MATCH($B24,'DIVISION 15'!$A$16:$H$16,0),""),IFNA(MATCH($B24,'DIVISION 15'!$A$17:$H$17,0),""),IFNA(MATCH($B24,'DIVISION 15'!$A$18:$H$18,0),""))=6,'DIVISION 15'!$F$1,SUM(IFNA(MATCH($B24,'DIVISION 15'!$A$2:$H$2,0),""),IFNA(MATCH($B24,'DIVISION 15'!$A$3:$H$3,0),""),IFNA(MATCH($B24,'DIVISION 15'!$A$4:$H$4,0),""),IFNA(MATCH($B24,'DIVISION 15'!$A$5:$H$5,0),""),IFNA(MATCH($B24,'DIVISION 15'!$A$6:$H$6,0),""),IFNA(MATCH($B24,'DIVISION 15'!$A$7:$H$7,0),""),IFNA(MATCH($B24,'DIVISION 15'!$A$8:$H$8,0),""),IFNA(MATCH($B24,'DIVISION 15'!$A$9:$H$9,0),""),IFNA(MATCH($B24,'DIVISION 15'!$A$10:$H$10,0),""),IFNA(MATCH($B24,'DIVISION 15'!$A$11:$H$11,0),""),IFNA(MATCH($B24,'DIVISION 15'!$A$12:$H$12,0),""),IFNA(MATCH($B24,'DIVISION 15'!$A$13:$H$13,0),""),IFNA(MATCH($B24,'DIVISION 15'!$A$14:$H$14,0),""),IFNA(MATCH($B24,'DIVISION 15'!$A$15:$H$15,0),""),IFNA(MATCH($B24,'DIVISION 15'!$A$16:$H$16,0),""),IFNA(MATCH($B24,'DIVISION 15'!$A$17:$H$17,0),""),IFNA(MATCH($B24,'DIVISION 15'!$A$18:$H$18,0),""))=7,'DIVISION 15'!$G$1,SUM(IFNA(MATCH($B24,'DIVISION 15'!$A$2:$H$2,0),""),IFNA(MATCH($B24,'DIVISION 15'!$A$3:$H$3,0),""),IFNA(MATCH($B24,'DIVISION 15'!$A$4:$H$4,0),""),IFNA(MATCH($B24,'DIVISION 15'!$A$5:$H$5,0),""),IFNA(MATCH($B24,'DIVISION 15'!$A$6:$H$6,0),""),IFNA(MATCH($B24,'DIVISION 15'!$A$7:$H$7,0),""),IFNA(MATCH($B24,'DIVISION 15'!$A$8:$H$8,0),""),IFNA(MATCH($B24,'DIVISION 15'!$A$9:$H$9,0),""),IFNA(MATCH($B24,'DIVISION 15'!$A$10:$H$10,0),""),IFNA(MATCH($B24,'DIVISION 15'!$A$11:$H$11,0),""),IFNA(MATCH($B24,'DIVISION 15'!$A$12:$H$12,0),""),IFNA(MATCH($B24,'DIVISION 15'!$A$13:$H$13,0),""),IFNA(MATCH($B24,'DIVISION 15'!$A$14:$H$14,0),""),IFNA(MATCH($B24,'DIVISION 15'!$A$15:$H$15,0),""),IFNA(MATCH($B24,'DIVISION 15'!$A$16:$H$16,0),""),IFNA(MATCH($B24,'DIVISION 15'!$A$17:$H$17,0),""),IFNA(MATCH($B24,'DIVISION 15'!$A$18:$H$18,0),""))=8,'DIVISION 15'!$H$1) -> GONZI | U24: =T24&COUNTIF($T$1:T24,T24) -> GONZI2 | V24: =SUMIF(AsistenciaViewJetAdmin!$A$3:$A$101,A24,AsistenciaViewJetAdmin!$C$3:$C$101)/(COUNTIF(AsistenciaViewJetAdmin!$D$102:V$102,">0")+COUNTIF(ActividadesEspeciales!$D$102:V$102,">0"))*100 -> 53.723404
A25: 159 | B25: Rocco Erlich | C25: 993303 | D25: 40396 | E25: 50290974 | F25: rocco.erlich@gmail.com | G25: 1131486226 | H25: Tamara Kaplan | I25: tamytamy@yahoo.com | J25: 1141827160 | K25: Luciano Erlich | L25: Luciano@huntertravel.com.ar | M25: 1141827167 | N25: Ort montañeses | O25: No | P25: Padel | Q25: Nedarim | R25: Sin restricciones | S25: AZUL | T25: =IFS(SUM(IFNA(MATCH($B25,'DIVISION 15'!$A$2:$H$2,0),""),IFNA(MATCH($B25,'DIVISION 15'!$A$3:$H$3,0),""),IFNA(MATCH($B25,'DIVISION 15'!$A$4:$H$4,0),""),IFNA(MATCH($B25,'DIVISION 15'!$A$5:$H$5,0),""),IFNA(MATCH($B25,'DIVISION 15'!$A$6:$H$6,0),""),IFNA(MATCH($B25,'DIVISION 15'!$A$7:$H$7,0),""),IFNA(MATCH($B25,'DIVISION 15'!$A$8:$H$8,0),""),IFNA(MATCH($B25,'DIVISION 15'!$A$9:$H$9,0),""),IFNA(MATCH($B25,'DIVISION 15'!$A$10:$H$10,0),""),IFNA(MATCH($B25,'DIVISION 15'!$A$11:$H$11,0),""),IFNA(MATCH($B25,'DIVISION 15'!$A$12:$H$12,0),""),IFNA(MATCH($B25,'DIVISION 15'!$A$13:$H$13,0),""),IFNA(MATCH($B25,'DIVISION 15'!$A$14:$H$14,0),""),IFNA(MATCH($B25,'DIVISION 15'!$A$15:$H$15,0),""),IFNA(MATCH($B25,'DIVISION 15'!$A$16:$H$16,0),""),IFNA(MATCH($B25,'DIVISION 15'!$A$17:$H$17,0),""),IFNA(MATCH($B25,'DIVISION 15'!$A$18:$H$18,0),""))=1,'DIVISION 15'!$A$1,SUM(IFNA(MATCH($B25,'DIVISION 15'!$A$2:$H$2,0),""),IFNA(MATCH($B25,'DIVISION 15'!$A$3:$H$3,0),""),IFNA(MATCH($B25,'DIVISION 15'!$A$4:$H$4,0),""),IFNA(MATCH($B25,'DIVISION 15'!$A$5:$H$5,0),""),IFNA(MATCH($B25,'DIVISION 15'!$A$6:$H$6,0),""),IFNA(MATCH($B25,'DIVISION 15'!$A$7:$H$7,0),""),IFNA(MATCH($B25,'DIVISION 15'!$A$8:$H$8,0),""),IFNA(MATCH($B25,'DIVISION 15'!$A$9:$H$9,0),""),IFNA(MATCH($B25,'DIVISION 15'!$A$10:$H$10,0),""),IFNA(MATCH($B25,'DIVISION 15'!$A$11:$H$11,0),""),IFNA(MATCH($B25,'DIVISION 15'!$A$12:$H$12,0),""),IFNA(MATCH($B25,'DIVISION 15'!$A$13:$H$13,0),""),IFNA(MATCH($B25,'DIVISION 15'!$A$14:$H$14,0),""),IFNA(MATCH($B25,'DIVISION 15'!$A$15:$H$15,0),""),IFNA(MATCH($B25,'DIVISION 15'!$A$16:$H$16,0),""),IFNA(MATCH($B25,'DIVISION 15'!$A$17:$H$17,0),""),IFNA(MATCH($B25,'DIVISION 15'!$A$18:$H$18,0),""))=2,'DIVISION 15'!$B$1,SUM(IFNA(MATCH($B25,'DIVISION 15'!$A$2:$H$2,0),""),IFNA(MATCH($B25,'DIVISION 15'!$A$3:$H$3,0),""),IFNA(MATCH($B25,'DIVISION 15'!$A$4:$H$4,0),""),IFNA(MATCH($B25,'DIVISION 15'!$A$5:$H$5,0),""),IFNA(MATCH($B25,'DIVISION 15'!$A$6:$H$6,0),""),IFNA(MATCH($B25,'DIVISION 15'!$A$7:$H$7,0),""),IFNA(MATCH($B25,'DIVISION 15'!$A$8:$H$8,0),""),IFNA(MATCH($B25,'DIVISION 15'!$A$9:$H$9,0),""),IFNA(MATCH($B25,'DIVISION 15'!$A$10:$H$10,0),""),IFNA(MATCH($B25,'DIVISION 15'!$A$11:$H$11,0),""),IFNA(MATCH($B25,'DIVISION 15'!$A$12:$H$12,0),""),IFNA(MATCH($B25,'DIVISION 15'!$A$13:$H$13,0),""),IFNA(MATCH($B25,'DIVISION 15'!$A$14:$H$14,0),""),IFNA(MATCH($B25,'DIVISION 15'!$A$15:$H$15,0),""),IFNA(MATCH($B25,'DIVISION 15'!$A$16:$H$16,0),""),IFNA(MATCH($B25,'DIVISION 15'!$A$17:$H$17,0),""),IFNA(MATCH($B25,'DIVISION 15'!$A$18:$H$18,0),""))=3,'DIVISION 15'!$C$1,SUM(IFNA(MATCH($B25,'DIVISION 15'!$A$2:$H$2,0),""),IFNA(MATCH($B25,'DIVISION 15'!$A$3:$H$3,0),""),IFNA(MATCH($B25,'DIVISION 15'!$A$4:$H$4,0),""),IFNA(MATCH($B25,'DIVISION 15'!$A$5:$H$5,0),""),IFNA(MATCH($B25,'DIVISION 15'!$A$6:$H$6,0),""),IFNA(MATCH($B25,'DIVISION 15'!$A$7:$H$7,0),""),IFNA(MATCH($B25,'DIVISION 15'!$A$8:$H$8,0),""),IFNA(MATCH($B25,'DIVISION 15'!$A$9:$H$9,0),""),IFNA(MATCH($B25,'DIVISION 15'!$A$10:$H$10,0),""),IFNA(MATCH($B25,'DIVISION 15'!$A$11:$H$11,0),""),IFNA(MATCH($B25,'DIVISION 15'!$A$12:$H$12,0),""),IFNA(MATCH($B25,'DIVISION 15'!$A$13:$H$13,0),""),IFNA(MATCH($B25,'DIVISION 15'!$A$14:$H$14,0),""),IFNA(MATCH($B25,'DIVISION 15'!$A$15:$H$15,0),""),IFNA(MATCH($B25,'DIVISION 15'!$A$16:$H$16,0),""),IFNA(MATCH($B25,'DIVISION 15'!$A$17:$H$17,0),""),IFNA(MATCH($B25,'DIVISION 15'!$A$18:$H$18,0),""))=4,'DIVISION 15'!$D$1,SUM(IFNA(MATCH($B25,'DIVISION 15'!$A$2:$H$2,0),""),IFNA(MATCH($B25,'DIVISION 15'!$A$3:$H$3,0),""),IFNA(MATCH($B25,'DIVISION 15'!$A$4:$H$4,0),""),IFNA(MATCH($B25,'DIVISION 15'!$A$5:$H$5,0),""),IFNA(MATCH($B25,'DIVISION 15'!$A$6:$H$6,0),""),IFNA(MATCH($B25,'DIVISION 15'!$A$7:$H$7,0),""),IFNA(MATCH($B25,'DIVISION 15'!$A$8:$H$8,0),""),IFNA(MATCH($B25,'DIVISION 15'!$A$9:$H$9,0),""),IFNA(MATCH($B25,'DIVISION 15'!$A$10:$H$10,0),""),IFNA(MATCH($B25,'DIVISION 15'!$A$11:$H$11,0),""),IFNA(MATCH($B25,'DIVISION 15'!$A$12:$H$12,0),""),IFNA(MATCH($B25,'DIVISION 15'!$A$13:$H$13,0),""),IFNA(MATCH($B25,'DIVISION 15'!$A$14:$H$14,0),""),IFNA(MATCH($B25,'DIVISION 15'!$A$15:$H$15,0),""),IFNA(MATCH($B25,'DIVISION 15'!$A$16:$H$16,0),""),IFNA(MATCH($B25,'DIVISION 15'!$A$17:$H$17,0),""),IFNA(MATCH($B25,'DIVISION 15'!$A$18:$H$18,0),""))=5,'DIVISION 15'!$E$1,SUM(IFNA(MATCH($B25,'DIVISION 15'!$A$2:$H$2,0),""),IFNA(MATCH($B25,'DIVISION 15'!$A$3:$H$3,0),""),IFNA(MATCH($B25,'DIVISION 15'!$A$4:$H$4,0),""),IFNA(MATCH($B25,'DIVISION 15'!$A$5:$H$5,0),""),IFNA(MATCH($B25,'DIVISION 15'!$A$6:$H$6,0),""),IFNA(MATCH($B25,'DIVISION 15'!$A$7:$H$7,0),""),IFNA(MATCH($B25,'DIVISION 15'!$A$8:$H$8,0),""),IFNA(MATCH($B25,'DIVISION 15'!$A$9:$H$9,0),""),IFNA(MATCH($B25,'DIVISION 15'!$A$10:$H$10,0),""),IFNA(MATCH($B25,'DIVISION 15'!$A$11:$H$11,0),""),IFNA(MATCH($B25,'DIVISION 15'!$A$12:$H$12,0),""),IFNA(MATCH($B25,'DIVISION 15'!$A$13:$H$13,0),""),IFNA(MATCH($B25,'DIVISION 15'!$A$14:$H$14,0),""),IFNA(MATCH($B25,'DIVISION 15'!$A$15:$H$15,0),""),IFNA(MATCH($B25,'DIVISION 15'!$A$16:$H$16,0),""),IFNA(MATCH($B25,'DIVISION 15'!$A$17:$H$17,0),""),IFNA(MATCH($B25,'DIVISION 15'!$A$18:$H$18,0),""))=6,'DIVISION 15'!$F$1,SUM(IFNA(MATCH($B25,'DIVISION 15'!$A$2:$H$2,0),""),IFNA(MATCH($B25,'DIVISION 15'!$A$3:$H$3,0),""),IFNA(MATCH($B25,'DIVISION 15'!$A$4:$H$4,0),""),IFNA(MATCH($B25,'DIVISION 15'!$A$5:$H$5,0),""),IFNA(MATCH($B25,'DIVISION 15'!$A$6:$H$6,0),""),IFNA(MATCH($B25,'DIVISION 15'!$A$7:$H$7,0),""),IFNA(MATCH($B25,'DIVISION 15'!$A$8:$H$8,0),""),IFNA(MATCH($B25,'DIVISION 15'!$A$9:$H$9,0),""),IFNA(MATCH($B25,'DIVISION 15'!$A$10:$H$10,0),""),IFNA(MATCH($B25,'DIVISION 15'!$A$11:$H$11,0),""),IFNA(MATCH($B25,'DIVISION 15'!$A$12:$H$12,0),""),IFNA(MATCH($B25,'DIVISION 15'!$A$13:$H$13,0),""),IFNA(MATCH($B25,'DIVISION 15'!$A$14:$H$14,0),""),IFNA(MATCH($B25,'DIVISION 15'!$A$15:$H$15,0),""),IFNA(MATCH($B25,'DIVISION 15'!$A$16:$H$16,0),""),IFNA(MATCH($B25,'DIVISION 15'!$A$17:$H$17,0),""),IFNA(MATCH($B25,'DIVISION 15'!$A$18:$H$18,0),""))=7,'DIVISION 15'!$G$1,SUM(IFNA(MATCH($B25,'DIVISION 15'!$A$2:$H$2,0),""),IFNA(MATCH($B25,'DIVISION 15'!$A$3:$H$3,0),""),IFNA(MATCH($B25,'DIVISION 15'!$A$4:$H$4,0),""),IFNA(MATCH($B25,'DIVISION 15'!$A$5:$H$5,0),""),IFNA(MATCH($B25,'DIVISION 15'!$A$6:$H$6,0),""),IFNA(MATCH($B25,'DIVISION 15'!$A$7:$H$7,0),""),IFNA(MATCH($B25,'DIVISION 15'!$A$8:$H$8,0),""),IFNA(MATCH($B25,'DIVISION 15'!$A$9:$H$9,0),""),IFNA(MATCH($B25,'DIVISION 15'!$A$10:$H$10,0),""),IFNA(MATCH($B25,'DIVISION 15'!$A$11:$H$11,0),""),IFNA(MATCH($B25,'DIVISION 15'!$A$12:$H$12,0),""),IFNA(MATCH($B25,'DIVISION 15'!$A$13:$H$13,0),""),IFNA(MATCH($B25,'DIVISION 15'!$A$14:$H$14,0),""),IFNA(MATCH($B25,'DIVISION 15'!$A$15:$H$15,0),""),IFNA(MATCH($B25,'DIVISION 15'!$A$16:$H$16,0),""),IFNA(MATCH($B25,'DIVISION 15'!$A$17:$H$17,0),""),IFNA(MATCH($B25,'DIVISION 15'!$A$18:$H$18,0),""))=8,'DIVISION 15'!$H$1) -> MARTO | U25: =T25&COUNTIF($T$1:T25,T25) -> MARTO3 | V25: =SUMIF(AsistenciaViewJetAdmin!$A$3:$A$101,A25,AsistenciaViewJetAdmin!$C$3:$C$101)/(COUNTIF(AsistenciaViewJetAdmin!$D$102:V$102,">0")+COUNTIF(ActividadesEspeciales!$D$102:V$102,">0"))*100 -> 72.87234
A26: 182 | B26: Ramiro Kosower | C26: 1150604 | D26: 27-05-10 | E26: 50324136 | F26: lallur76@gmail.com | G26: 1162747293 | H26: LAURA ALVAREZ | I26: lallur76@gmail.com | J26: 1134150261 | K26: DIEGO MARTIN KOSOWER | L26: DIEGOKOSOWER@YAHOO.COM.AR | M26: 1134150388 | N26: ORT YATAY | O26: NO | P26: FUTBOL | Q26: Nedarim | R26: Sin restricciones | S26: AZUL | T26: =IFS(SUM(IFNA(MATCH($B26,'DIVISION 15'!$A$2:$H$2,0),""),IFNA(MATCH($B26,'DIVISION 15'!$A$3:$H$3,0),""),IFNA(MATCH($B26,'DIVISION 15'!$A$4:$H$4,0),""),IFNA(MATCH($B26,'DIVISION 15'!$A$5:$H$5,0),""),IFNA(MATCH($B26,'DIVISION 15'!$A$6:$H$6,0),""),IFNA(MATCH($B26,'DIVISION 15'!$A$7:$H$7,0),""),IFNA(MATCH($B26,'DIVISION 15'!$A$8:$H$8,0),""),IFNA(MATCH($B26,'DIVISION 15'!$A$9:$H$9,0),""),IFNA(MATCH($B26,'DIVISION 15'!$A$10:$H$10,0),""),IFNA(MATCH($B26,'DIVISION 15'!$A$11:$H$11,0),""),IFNA(MATCH($B26,'DIVISION 15'!$A$12:$H$12,0),""),IFNA(MATCH($B26,'DIVISION 15'!$A$13:$H$13,0),""),IFNA(MATCH($B26,'DIVISION 15'!$A$14:$H$14,0),""),IFNA(MATCH($B26,'DIVISION 15'!$A$15:$H$15,0),""),IFNA(MATCH($B26,'DIVISION 15'!$A$16:$H$16,0),""),IFNA(MATCH($B26,'DIVISION 15'!$A$17:$H$17,0),""),IFNA(MATCH($B26,'DIVISION 15'!$A$18:$H$18,0),""))=1,'DIVISION 15'!$A$1,SUM(IFNA(MATCH($B26,'DIVISION 15'!$A$2:$H$2,0),""),IFNA(MATCH($B26,'DIVISION 15'!$A$3:$H$3,0),""),IFNA(MATCH($B26,'DIVISION 15'!$A$4:$H$4,0),""),IFNA(MATCH($B26,'DIVISION 15'!$A$5:$H$5,0),""),IFNA(MATCH($B26,'DIVISION 15'!$A$6:$H$6,0),""),IFNA(MATCH($B26,'DIVISION 15'!$A$7:$H$7,0),""),IFNA(MATCH($B26,'DIVISION 15'!$A$8:$H$8,0),""),IFNA(MATCH($B26,'DIVISION 15'!$A$9:$H$9,0),""),IFNA(MATCH($B26,'DIVISION 15'!$A$10:$H$10,0),""),IFNA(MATCH($B26,'DIVISION 15'!$A$11:$H$11,0),""),IFNA(MATCH($B26,'DIVISION 15'!$A$12:$H$12,0),""),IFNA(MATCH($B26,'DIVISION 15'!$A$13:$H$13,0),""),IFNA(MATCH($B26,'DIVISION 15'!$A$14:$H$14,0),""),IFNA(MATCH($B26,'DIVISION 15'!$A$15:$H$15,0),""),IFNA(MATCH($B26,'DIVISION 15'!$A$16:$H$16,0),""),IFNA(MATCH($B26,'DIVISION 15'!$A$17:$H$17,0),""),IFNA(MATCH($B26,'DIVISION 15'!$A$18:$H$18,0),""))=2,'DIVISION 15'!$B$1,SUM(IFNA(MATCH($B26,'DIVISION 15'!$A$2:$H$2,0),""),IFNA(MATCH($B26,'DIVISION 15'!$A$3:$H$3,0),""),IFNA(MATCH($B26,'DIVISION 15'!$A$4:$H$4,0),""),IFNA(MATCH($B26,'DIVISION 15'!$A$5:$H$5,0),""),IFNA(MATCH($B26,'DIVISION 15'!$A$6:$H$6,0),""),IFNA(MATCH($B26,'DIVISION 15'!$A$7:$H$7,0),""),IFNA(MATCH($B26,'DIVISION 15'!$A$8:$H$8,0),""),IFNA(MATCH($B26,'DIVISION 15'!$A$9:$H$9,0),""),IFNA(MATCH($B26,'DIVISION 15'!$A$10:$H$10,0),""),IFNA(MATCH($B26,'DIVISION 15'!$A$11:$H$11,0),""),IFNA(MATCH($B26,'DIVISION 15'!$A$12:$H$12,0),""),IFNA(MATCH($B26,'DIVISION 15'!$A$13:$H$13,0),""),IFNA(MATCH($B26,'DIVISION 15'!$A$14:$H$14,0),""),IFNA(MATCH($B26,'DIVISION 15'!$A$15:$H$15,0),""),IFNA(MATCH($B26,'DIVISION 15'!$A$16:$H$16,0),""),IFNA(MATCH($B26,'DIVISION 15'!$A$17:$H$17,0),""),IFNA(MATCH($B26,'DIVISION 15'!$A$18:$H$18,0),""))=3,'DIVISION 15'!$C$1,SUM(IFNA(MATCH($B26,'DIVISION 15'!$A$2:$H$2,0),""),IFNA(MATCH($B26,'DIVISION 15'!$A$3:$H$3,0),""),IFNA(MATCH($B26,'DIVISION 15'!$A$4:$H$4,0),""),IFNA(MATCH($B26,'DIVISION 15'!$A$5:$H$5,0),""),IFNA(MATCH($B26,'DIVISION 15'!$A$6:$H$6,0),""),IFNA(MATCH($B26,'DIVISION 15'!$A$7:$H$7,0),""),IFNA(MATCH($B26,'DIVISION 15'!$A$8:$H$8,0),""),IFNA(MATCH($B26,'DIVISION 15'!$A$9:$H$9,0),""),IFNA(MATCH($B26,'DIVISION 15'!$A$10:$H$10,0),""),IFNA(MATCH($B26,'DIVISION 15'!$A$11:$H$11,0),""),IFNA(MATCH($B26,'DIVISION 15'!$A$12:$H$12,0),""),IFNA(MATCH($B26,'DIVISION 15'!$A$13:$H$13,0),""),IFNA(MATCH($B26,'DIVISION 15'!$A$14:$H$14,0),""),IFNA(MATCH($B26,'DIVISION 15'!$A$15:$H$15,0),""),IFNA(MATCH($B26,'DIVISION 15'!$A$16:$H$16,0),""),IFNA(MATCH($B26,'DIVISION 15'!$A$17:$H$17,0),""),IFNA(MATCH($B26,'DIVISION 15'!$A$18:$H$18,0),""))=4,'DIVISION 15'!$D$1,SUM(IFNA(MATCH($B26,'DIVISION 15'!$A$2:$H$2,0),""),IFNA(MATCH($B26,'DIVISION 15'!$A$3:$H$3,0),""),IFNA(MATCH($B26,'DIVISION 15'!$A$4:$H$4,0),""),IFNA(MATCH($B26,'DIVISION 15'!$A$5:$H$5,0),""),IFNA(MATCH($B26,'DIVISION 15'!$A$6:$H$6,0),""),IFNA(MATCH($B26,'DIVISION 15'!$A$7:$H$7,0),""),IFNA(MATCH($B26,'DIVISION 15'!$A$8:$H$8,0),""),IFNA(MATCH($B26,'DIVISION 15'!$A$9:$H$9,0),""),IFNA(MATCH($B26,'DIVISION 15'!$A$10:$H$10,0),""),IFNA(MATCH($B26,'DIVISION 15'!$A$11:$H$11,0),""),IFNA(MATCH($B26,'DIVISION 15'!$A$12:$H$12,0),""),IFNA(MATCH($B26,'DIVISION 15'!$A$13:$H$13,0),""),IFNA(MATCH($B26,'DIVISION 15'!$A$14:$H$14,0),""),IFNA(MATCH($B26,'DIVISION 15'!$A$15:$H$15,0),""),IFNA(MATCH($B26,'DIVISION 15'!$A$16:$H$16,0),""),IFNA(MATCH($B26,'DIVISION 15'!$A$17:$H$17,0),""),IFNA(MATCH($B26,'DIVISION 15'!$A$18:$H$18,0),""))=5,'DIVISION 15'!$E$1,SUM(IFNA(MATCH($B26,'DIVISION 15'!$A$2:$H$2,0),""),IFNA(MATCH($B26,'DIVISION 15'!$A$3:$H$3,0),""),IFNA(MATCH($B26,'DIVISION 15'!$A$4:$H$4,0),""),IFNA(MATCH($B26,'DIVISION 15'!$A$5:$H$5,0),""),IFNA(MATCH($B26,'DIVISION 15'!$A$6:$H$6,0),""),IFNA(MATCH($B26,'DIVISION 15'!$A$7:$H$7,0),""),IFNA(MATCH($B26,'DIVISION 15'!$A$8:$H$8,0),""),IFNA(MATCH($B26,'DIVISION 15'!$A$9:$H$9,0),""),IFNA(MATCH($B26,'DIVISION 15'!$A$10:$H$10,0),""),IFNA(MATCH($B26,'DIVISION 15'!$A$11:$H$11,0),""),IFNA(MATCH($B26,'DIVISION 15'!$A$12:$H$12,0),""),IFNA(MATCH($B26,'DIVISION 15'!$A$13:$H$13,0),""),IFNA(MATCH($B26,'DIVISION 15'!$A$14:$H$14,0),""),IFNA(MATCH($B26,'DIVISION 15'!$A$15:$H$15,0),""),IFNA(MATCH($B26,'DIVISION 15'!$A$16:$H$16,0),""),IFNA(MATCH($B26,'DIVISION 15'!$A$17:$H$17,0),""),IFNA(MATCH($B26,'DIVISION 15'!$A$18:$H$18,0),""))=6,'DIVISION 15'!$F$1,SUM(IFNA(MATCH($B26,'DIVISION 15'!$A$2:$H$2,0),""),IFNA(MATCH($B26,'DIVISION 15'!$A$3:$H$3,0),""),IFNA(MATCH($B26,'DIVISION 15'!$A$4:$H$4,0),""),IFNA(MATCH($B26,'DIVISION 15'!$A$5:$H$5,0),""),IFNA(MATCH($B26,'DIVISION 15'!$A$6:$H$6,0),""),IFNA(MATCH($B26,'DIVISION 15'!$A$7:$H$7,0),""),IFNA(MATCH($B26,'DIVISION 15'!$A$8:$H$8,0),""),IFNA(MATCH($B26,'DIVISION 15'!$A$9:$H$9,0),""),IFNA(MATCH($B26,'DIVISION 15'!$A$10:$H$10,0),""),IFNA(MATCH($B26,'DIVISION 15'!$A$11:$H$11,0),""),IFNA(MATCH($B26,'DIVISION 15'!$A$12:$H$12,0),""),IFNA(MATCH($B26,'DIVISION 15'!$A$13:$H$13,0),""),IFNA(MATCH($B26,'DIVISION 15'!$A$14:$H$14,0),""),IFNA(MATCH($B26,'DIVISION 15'!$A$15:$H$15,0),""),IFNA(MATCH($B26,'DIVISION 15'!$A$16:$H$16,0),""),IFNA(MATCH($B26,'DIVISION 15'!$A$17:$H$17,0),""),IFNA(MATCH($B26,'DIVISION 15'!$A$18:$H$18,0),""))=7,'DIVISION 15'!$G$1,SUM(IFNA(MATCH($B26,'DIVISION 15'!$A$2:$H$2,0),""),IFNA(MATCH($B26,'DIVISION 15'!$A$3:$H$3,0),""),IFNA(MATCH($B26,'DIVISION 15'!$A$4:$H$4,0),""),IFNA(MATCH($B26,'DIVISION 15'!$A$5:$H$5,0),""),IFNA(MATCH($B26,'DIVISION 15'!$A$6:$H$6,0),""),IFNA(MATCH($B26,'DIVISION 15'!$A$7:$H$7,0),""),IFNA(MATCH($B26,'DIVISION 15'!$A$8:$H$8,0),""),IFNA(MATCH($B26,'DIVISION 15'!$A$9:$H$9,0),""),IFNA(MATCH($B26,'DIVISION 15'!$A$10:$H$10,0),""),IFNA(MATCH($B26,'DIVISION 15'!$A$11:$H$11,0),""),IFNA(MATCH($B26,'DIVISION 15'!$A$12:$H$12,0),""),IFNA(MATCH($B26,'DIVISION 15'!$A$13:$H$13,0),""),IFNA(MATCH($B26,'DIVISION 15'!$A$14:$H$14,0),""),IFNA(MATCH($B26,'DIVISION 15'!$A$15:$H$15,0),""),IFNA(MATCH($B26,'DIVISION 15'!$A$16:$H$16,0),""),IFNA(MATCH($B26,'DIVISION 15'!$A$17:$H$17,0),""),IFNA(MATCH($B26,'DIVISION 15'!$A$18:$H$18,0),""))=8,'DIVISION 15'!$H$1) -> MARTO | U26: =T26&COUNTIF($T$1:T26,T26) -> MARTO4 | V26: =SUMIF(AsistenciaViewJetAdmin!$A$3:$A$101,A26,AsistenciaViewJetAdmin!$C$3:$C$101)/(COUNTIF(AsistenciaViewJetAdmin!$D$102:V$102,">0")+COUNTIF(ActividadesEspeciales!$D$102:V$102,">0"))*100 -> 53.191489
A27: 194 | B27: Piera Elman | C27: 10238 | D27: 21/02/2010 | E27: 50155747 | F27: pieraelman@gmail.com | G27: 1161134517 | H27: Paula Woloski | I27: paulawoloski@yahoo.com.ar | J27: 1140740000 | K27: Nicolás Elman | L27: nicoelman@gmail.com | M27: 1137993704 | N27: Ort Almagro | O27: Si. Bruno Elman en Jalutzim | P27: No | Q27: No asiste a los grupos actualmente | R27: Otro | S27: AZUL | T27: =IFS(SUM(IFNA(MATCH($B27,'DIVISION 15'!$A$2:$H$2,0),""),IFNA(MATCH($B27,'DIVISION 15'!$A$3:$H$3,0),""),IFNA(MATCH($B27,'DIVISION 15'!$A$4:$H$4,0),""),IFNA(MATCH($B27,'DIVISION 15'!$A$5:$H$5,0),""),IFNA(MATCH($B27,'DIVISION 15'!$A$6:$H$6,0),""),IFNA(MATCH($B27,'DIVISION 15'!$A$7:$H$7,0),""),IFNA(MATCH($B27,'DIVISION 15'!$A$8:$H$8,0),""),IFNA(MATCH($B27,'DIVISION 15'!$A$9:$H$9,0),""),IFNA(MATCH($B27,'DIVISION 15'!$A$10:$H$10,0),""),IFNA(MATCH($B27,'DIVISION 15'!$A$11:$H$11,0),""),IFNA(MATCH($B27,'DIVISION 15'!$A$12:$H$12,0),""),IFNA(MATCH($B27,'DIVISION 15'!$A$13:$H$13,0),""),IFNA(MATCH($B27,'DIVISION 15'!$A$14:$H$14,0),""),IFNA(MATCH($B27,'DIVISION 15'!$A$15:$H$15,0),""),IFNA(MATCH($B27,'DIVISION 15'!$A$16:$H$16,0),""),IFNA(MATCH($B27,'DIVISION 15'!$A$17:$H$17,0),""),IFNA(MATCH($B27,'DIVISION 15'!$A$18:$H$18,0),""))=1,'DIVISION 15'!$A$1,SUM(IFNA(MATCH($B27,'DIVISION 15'!$A$2:$H$2,0),""),IFNA(MATCH($B27,'DIVISION 15'!$A$3:$H$3,0),""),IFNA(MATCH($B27,'DIVISION 15'!$A$4:$H$4,0),""),IFNA(MATCH($B27,'DIVISION 15'!$A$5:$H$5,0),""),IFNA(MATCH($B27,'DIVISION 15'!$A$6:$H$6,0),""),IFNA(MATCH($B27,'DIVISION 15'!$A$7:$H$7,0),""),IFNA(MATCH($B27,'DIVISION 15'!$A$8:$H$8,0),""),IFNA(MATCH($B27,'DIVISION 15'!$A$9:$H$9,0),""),IFNA(MATCH($B27,'DIVISION 15'!$A$10:$H$10,0),""),IFNA(MATCH($B27,'DIVISION 15'!$A$11:$H$11,0),""),IFNA(MATCH($B27,'DIVISION 15'!$A$12:$H$12,0),""),IFNA(MATCH($B27,'DIVISION 15'!$A$13:$H$13,0),""),IFNA(MATCH($B27,'DIVISION 15'!$A$14:$H$14,0),""),IFNA(MATCH($B27,'DIVISION 15'!$A$15:$H$15,0),""),IFNA(MATCH($B27,'DIVISION 15'!$A$16:$H$16,0),""),IFNA(MATCH($B27,'DIVISION 15'!$A$17:$H$17,0),""),IFNA(MATCH($B27,'DIVISION 15'!$A$18:$H$18,0),""))=2,'DIVISION 15'!$B$1,SUM(IFNA(MATCH($B27,'DIVISION 15'!$A$2:$H$2,0),""),IFNA(MATCH($B27,'DIVISION 15'!$A$3:$H$3,0),""),IFNA(MATCH($B27,'DIVISION 15'!$A$4:$H$4,0),""),IFNA(MATCH($B27,'DIVISION 15'!$A$5:$H$5,0),""),IFNA(MATCH($B27,'DIVISION 15'!$A$6:$H$6,0),""),IFNA(MATCH($B27,'DIVISION 15'!$A$7:$H$7,0),""),IFNA(MATCH($B27,'DIVISION 15'!$A$8:$H$8,0),""),IFNA(MATCH($B27,'DIVISION 15'!$A$9:$H$9,0),""),IFNA(MATCH($B27,'DIVISION 15'!$A$10:$H$10,0),""),IFNA(MATCH($B27,'DIVISION 15'!$A$11:$H$11,0),""),IFNA(MATCH($B27,'DIVISION 15'!$A$12:$H$12,0),""),IFNA(MATCH($B27,'DIVISION 15'!$A$13:$H$13,0),""),IFNA(MATCH($B27,'DIVISION 15'!$A$14:$H$14,0),""),IFNA(MATCH($B27,'DIVISION 15'!$A$15:$H$15,0),""),IFNA(MATCH($B27,'DIVISION 15'!$A$16:$H$16,0),""),IFNA(MATCH($B27,'DIVISION 15'!$A$17:$H$17,0),""),IFNA(MATCH($B27,'DIVISION 15'!$A$18:$H$18,0),""))=3,'DIVISION 15'!$C$1,SUM(IFNA(MATCH($B27,'DIVISION 15'!$A$2:$H$2,0),""),IFNA(MATCH($B27,'DIVISION 15'!$A$3:$H$3,0),""),IFNA(MATCH($B27,'DIVISION 15'!$A$4:$H$4,0),""),IFNA(MATCH($B27,'DIVISION 15'!$A$5:$H$5,0),""),IFNA(MATCH($B27,'DIVISION 15'!$A$6:$H$6,0),""),IFNA(MATCH($B27,'DIVISION 15'!$A$7:$H$7,0),""),IFNA(MATCH($B27,'DIVISION 15'!$A$8:$H$8,0),""),IFNA(MATCH($B27,'DIVISION 15'!$A$9:$H$9,0),""),IFNA(MATCH($B27,'DIVISION 15'!$A$10:$H$10,0),""),IFNA(MATCH($B27,'DIVISION 15'!$A$11:$H$11,0),""),IFNA(MATCH($B27,'DIVISION 15'!$A$12:$H$12,0),""),IFNA(MATCH($B27,'DIVISION 15'!$A$13:$H$13,0),""),IFNA(MATCH($B27,'DIVISION 15'!$A$14:$H$14,0),""),IFNA(MATCH($B27,'DIVISION 15'!$A$15:$H$15,0),""),IFNA(MATCH($B27,'DIVISION 15'!$A$16:$H$16,0),""),IFNA(MATCH($B27,'DIVISION 15'!$A$17:$H$17,0),""),IFNA(MATCH($B27,'DIVISION 15'!$A$18:$H$18,0),""))=4,'DIVISION 15'!$D$1,SUM(IFNA(MATCH($B27,'DIVISION 15'!$A$2:$H$2,0),""),IFNA(MATCH($B27,'DIVISION 15'!$A$3:$H$3,0),""),IFNA(MATCH($B27,'DIVISION 15'!$A$4:$H$4,0),""),IFNA(MATCH($B27,'DIVISION 15'!$A$5:$H$5,0),""),IFNA(MATCH($B27,'DIVISION 15'!$A$6:$H$6,0),""),IFNA(MATCH($B27,'DIVISION 15'!$A$7:$H$7,0),""),IFNA(MATCH($B27,'DIVISION 15'!$A$8:$H$8,0),""),IFNA(MATCH($B27,'DIVISION 15'!$A$9:$H$9,0),""),IFNA(MATCH($B27,'DIVISION 15'!$A$10:$H$10,0),""),IFNA(MATCH($B27,'DIVISION 15'!$A$11:$H$11,0),""),IFNA(MATCH($B27,'DIVISION 15'!$A$12:$H$12,0),""),IFNA(MATCH($B27,'DIVISION 15'!$A$13:$H$13,0),""),IFNA(MATCH($B27,'DIVISION 15'!$A$14:$H$14,0),""),IFNA(MATCH($B27,'DIVISION 15'!$A$15:$H$15,0),""),IFNA(MATCH($B27,'DIVISION 15'!$A$16:$H$16,0),""),IFNA(MATCH($B27,'DIVISION 15'!$A$17:$H$17,0),""),IFNA(MATCH($B27,'DIVISION 15'!$A$18:$H$18,0),""))=5,'DIVISION 15'!$E$1,SUM(IFNA(MATCH($B27,'DIVISION 15'!$A$2:$H$2,0),""),IFNA(MATCH($B27,'DIVISION 15'!$A$3:$H$3,0),""),IFNA(MATCH($B27,'DIVISION 15'!$A$4:$H$4,0),""),IFNA(MATCH($B27,'DIVISION 15'!$A$5:$H$5,0),""),IFNA(MATCH($B27,'DIVISION 15'!$A$6:$H$6,0),""),IFNA(MATCH($B27,'DIVISION 15'!$A$7:$H$7,0),""),IFNA(MATCH($B27,'DIVISION 15'!$A$8:$H$8,0),""),IFNA(MATCH($B27,'DIVISION 15'!$A$9:$H$9,0),""),IFNA(MATCH($B27,'DIVISION 15'!$A$10:$H$10,0),""),IFNA(MATCH($B27,'DIVISION 15'!$A$11:$H$11,0),""),IFNA(MATCH($B27,'DIVISION 15'!$A$12:$H$12,0),""),IFNA(MATCH($B27,'DIVISION 15'!$A$13:$H$13,0),""),IFNA(MATCH($B27,'DIVISION 15'!$A$14:$H$14,0),""),IFNA(MATCH($B27,'DIVISION 15'!$A$15:$H$15,0),""),IFNA(MATCH($B27,'DIVISION 15'!$A$16:$H$16,0),""),IFNA(MATCH($B27,'DIVISION 15'!$A$17:$H$17,0),""),IFNA(MATCH($B27,'DIVISION 15'!$A$18:$H$18,0),""))=6,'DIVISION 15'!$F$1,SUM(IFNA(MATCH($B27,'DIVISION 15'!$A$2:$H$2,0),""),IFNA(MATCH($B27,'DIVISION 15'!$A$3:$H$3,0),""),IFNA(MATCH($B27,'DIVISION 15'!$A$4:$H$4,0),""),IFNA(MATCH($B27,'DIVISION 15'!$A$5:$H$5,0),""),IFNA(MATCH($B27,'DIVISION 15'!$A$6:$H$6,0),""),IFNA(MATCH($B27,'DIVISION 15'!$A$7:$H$7,0),""),IFNA(MATCH($B27,'DIVISION 15'!$A$8:$H$8,0),""),IFNA(MATCH($B27,'DIVISION 15'!$A$9:$H$9,0),""),IFNA(MATCH($B27,'DIVISION 15'!$A$10:$H$10,0),""),IFNA(MATCH($B27,'DIVISION 15'!$A$11:$H$11,0),""),IFNA(MATCH($B27,'DIVISION 15'!$A$12:$H$12,0),""),IFNA(MATCH($B27,'DIVISION 15'!$A$13:$H$13,0),""),IFNA(MATCH($B27,'DIVISION 15'!$A$14:$H$14,0),""),IFNA(MATCH($B27,'DIVISION 15'!$A$15:$H$15,0),""),IFNA(MATCH($B27,'DIVISION 15'!$A$16:$H$16,0),""),IFNA(MATCH($B27,'DIVISION 15'!$A$17:$H$17,0),""),IFNA(MATCH($B27,'DIVISION 15'!$A$18:$H$18,0),""))=7,'DIVISION 15'!$G$1,SUM(IFNA(MATCH($B27,'DIVISION 15'!$A$2:$H$2,0),""),IFNA(MATCH($B27,'DIVISION 15'!$A$3:$H$3,0),""),IFNA(MATCH($B27,'DIVISION 15'!$A$4:$H$4,0),""),IFNA(MATCH($B27,'DIVISION 15'!$A$5:$H$5,0),""),IFNA(MATCH($B27,'DIVISION 15'!$A$6:$H$6,0),""),IFNA(MATCH($B27,'DIVISION 15'!$A$7:$H$7,0),""),IFNA(MATCH($B27,'DIVISION 15'!$A$8:$H$8,0),""),IFNA(MATCH($B27,'DIVISION 15'!$A$9:$H$9,0),""),IFNA(MATCH($B27,'DIVISION 15'!$A$10:$H$10,0),""),IFNA(MATCH($B27,'DIVISION 15'!$A$11:$H$11,0),""),IFNA(MATCH($B27,'DIVISION 15'!$A$12:$H$12,0),""),IFNA(MATCH($B27,'DIVISION 15'!$A$13:$H$13,0),""),IFNA(MATCH($B27,'DIVISION 15'!$A$14:$H$14,0),""),IFNA(MATCH($B27,'DIVISION 15'!$A$15:$H$15,0),""),IFNA(MATCH($B27,'DIVISION 15'!$A$16:$H$16,0),""),IFNA(MATCH($B27,'DIVISION 15'!$A$17:$H$17,0),""),IFNA(MATCH($B27,'DIVISION 15'!$A$18:$H$18,0),""))=8,'DIVISION 15'!$H$1) -> MARTO | U27: =T27&COUNTIF($T$1:T27,T27) -> MARTO5 | V27: =SUMIF(AsistenciaViewJetAdmin!$A$3:$A$101,A27,AsistenciaViewJetAdmin!$C$3:$C$101)/(COUNTIF(AsistenciaViewJetAdmin!$D$102:V$102,">0")+COUNTIF(ActividadesEspeciales!$D$102:V$102,">0"))*100 -> 84.042553
A28: 156 | B28: Paula Kuligowski | C28: 958503 | D28: 21/05/2010 | E28: 50159440 | F28: kulipauchi@gmail.com | G28: 1162274914 | H28: Giselle Raznoszczyk | I28: girazno@gmail.com | J28: 1150025252 | K28: Damián Kuligowski | L28: damikuli@gmail.com | M28: 1150033178 | N28: Martín buber | O28: Ya es madrij | P28: Hockey | Q28: Jashibut | R28: Sin restricciones | S28: NARANJA | T28: =IFS(SUM(IFNA(MATCH($B28,'DIVISION 15'!$A$2:$H$2,0),""),IFNA(MATCH($B28,'DIVISION 15'!$A$3:$H$3,0),""),IFNA(MATCH($B28,'DIVISION 15'!$A$4:$H$4,0),""),IFNA(MATCH($B28,'DIVISION 15'!$A$5:$H$5,0),""),IFNA(MATCH($B28,'DIVISION 15'!$A$6:$H$6,0),""),IFNA(MATCH($B28,'DIVISION 15'!$A$7:$H$7,0),""),IFNA(MATCH($B28,'DIVISION 15'!$A$8:$H$8,0),""),IFNA(MATCH($B28,'DIVISION 15'!$A$9:$H$9,0),""),IFNA(MATCH($B28,'DIVISION 15'!$A$10:$H$10,0),""),IFNA(MATCH($B28,'DIVISION 15'!$A$11:$H$11,0),""),IFNA(MATCH($B28,'DIVISION 15'!$A$12:$H$12,0),""),IFNA(MATCH($B28,'DIVISION 15'!$A$13:$H$13,0),""),IFNA(MATCH($B28,'DIVISION 15'!$A$14:$H$14,0),""),IFNA(MATCH($B28,'DIVISION 15'!$A$15:$H$15,0),""),IFNA(MATCH($B28,'DIVISION 15'!$A$16:$H$16,0),""),IFNA(MATCH($B28,'DIVISION 15'!$A$17:$H$17,0),""),IFNA(MATCH($B28,'DIVISION 15'!$A$18:$H$18,0),""))=1,'DIVISION 15'!$A$1,SUM(IFNA(MATCH($B28,'DIVISION 15'!$A$2:$H$2,0),""),IFNA(MATCH($B28,'DIVISION 15'!$A$3:$H$3,0),""),IFNA(MATCH($B28,'DIVISION 15'!$A$4:$H$4,0),""),IFNA(MATCH($B28,'DIVISION 15'!$A$5:$H$5,0),""),IFNA(MATCH($B28,'DIVISION 15'!$A$6:$H$6,0),""),IFNA(MATCH($B28,'DIVISION 15'!$A$7:$H$7,0),""),IFNA(MATCH($B28,'DIVISION 15'!$A$8:$H$8,0),""),IFNA(MATCH($B28,'DIVISION 15'!$A$9:$H$9,0),""),IFNA(MATCH($B28,'DIVISION 15'!$A$10:$H$10,0),""),IFNA(MATCH($B28,'DIVISION 15'!$A$11:$H$11,0),""),IFNA(MATCH($B28,'DIVISION 15'!$A$12:$H$12,0),""),IFNA(MATCH($B28,'DIVISION 15'!$A$13:$H$13,0),""),IFNA(MATCH($B28,'DIVISION 15'!$A$14:$H$14,0),""),IFNA(MATCH($B28,'DIVISION 15'!$A$15:$H$15,0),""),IFNA(MATCH($B28,'DIVISION 15'!$A$16:$H$16,0),""),IFNA(MATCH($B28,'DIVISION 15'!$A$17:$H$17,0),""),IFNA(MATCH($B28,'DIVISION 15'!$A$18:$H$18,0),""))=2,'DIVISION 15'!$B$1,SUM(IFNA(MATCH($B28,'DIVISION 15'!$A$2:$H$2,0),""),IFNA(MATCH($B28,'DIVISION 15'!$A$3:$H$3,0),""),IFNA(MATCH($B28,'DIVISION 15'!$A$4:$H$4,0),""),IFNA(MATCH($B28,'DIVISION 15'!$A$5:$H$5,0),""),IFNA(MATCH($B28,'DIVISION 15'!$A$6:$H$6,0),""),IFNA(MATCH($B28,'DIVISION 15'!$A$7:$H$7,0),""),IFNA(MATCH($B28,'DIVISION 15'!$A$8:$H$8,0),""),IFNA(MATCH($B28,'DIVISION 15'!$A$9:$H$9,0),""),IFNA(MATCH($B28,'DIVISION 15'!$A$10:$H$10,0),""),IFNA(MATCH($B28,'DIVISION 15'!$A$11:$H$11,0),""),IFNA(MATCH($B28,'DIVISION 15'!$A$12:$H$12,0),""),IFNA(MATCH($B28,'DIVISION 15'!$A$13:$H$13,0),""),IFNA(MATCH($B28,'DIVISION 15'!$A$14:$H$14,0),""),IFNA(MATCH($B28,'DIVISION 15'!$A$15:$H$15,0),""),IFNA(MATCH($B28,'DIVISION 15'!$A$16:$H$16,0),""),IFNA(MATCH($B28,'DIVISION 15'!$A$17:$H$17,0),""),IFNA(MATCH($B28,'DIVISION 15'!$A$18:$H$18,0),""))=3,'DIVISION 15'!$C$1,SUM(IFNA(MATCH($B28,'DIVISION 15'!$A$2:$H$2,0),""),IFNA(MATCH($B28,'DIVISION 15'!$A$3:$H$3,0),""),IFNA(MATCH($B28,'DIVISION 15'!$A$4:$H$4,0),""),IFNA(MATCH($B28,'DIVISION 15'!$A$5:$H$5,0),""),IFNA(MATCH($B28,'DIVISION 15'!$A$6:$H$6,0),""),IFNA(MATCH($B28,'DIVISION 15'!$A$7:$H$7,0),""),IFNA(MATCH($B28,'DIVISION 15'!$A$8:$H$8,0),""),IFNA(MATCH($B28,'DIVISION 15'!$A$9:$H$9,0),""),IFNA(MATCH($B28,'DIVISION 15'!$A$10:$H$10,0),""),IFNA(MATCH($B28,'DIVISION 15'!$A$11:$H$11,0),""),IFNA(MATCH($B28,'DIVISION 15'!$A$12:$H$12,0),""),IFNA(MATCH($B28,'DIVISION 15'!$A$13:$H$13,0),""),IFNA(MATCH($B28,'DIVISION 15'!$A$14:$H$14,0),""),IFNA(MATCH($B28,'DIVISION 15'!$A$15:$H$15,0),""),IFNA(MATCH($B28,'DIVISION 15'!$A$16:$H$16,0),""),IFNA(MATCH($B28,'DIVISION 15'!$A$17:$H$17,0),""),IFNA(MATCH($B28,'DIVISION 15'!$A$18:$H$18,0),""))=4,'DIVISION 15'!$D$1,SUM(IFNA(MATCH($B28,'DIVISION 15'!$A$2:$H$2,0),""),IFNA(MATCH($B28,'DIVISION 15'!$A$3:$H$3,0),""),IFNA(MATCH($B28,'DIVISION 15'!$A$4:$H$4,0),""),IFNA(MATCH($B28,'DIVISION 15'!$A$5:$H$5,0),""),IFNA(MATCH($B28,'DIVISION 15'!$A$6:$H$6,0),""),IFNA(MATCH($B28,'DIVISION 15'!$A$7:$H$7,0),""),IFNA(MATCH($B28,'DIVISION 15'!$A$8:$H$8,0),""),IFNA(MATCH($B28,'DIVISION 15'!$A$9:$H$9,0),""),IFNA(MATCH($B28,'DIVISION 15'!$A$10:$H$10,0),""),IFNA(MATCH($B28,'DIVISION 15'!$A$11:$H$11,0),""),IFNA(MATCH($B28,'DIVISION 15'!$A$12:$H$12,0),""),IFNA(MATCH($B28,'DIVISION 15'!$A$13:$H$13,0),""),IFNA(MATCH($B28,'DIVISION 15'!$A$14:$H$14,0),""),IFNA(MATCH($B28,'DIVISION 15'!$A$15:$H$15,0),""),IFNA(MATCH($B28,'DIVISION 15'!$A$16:$H$16,0),""),IFNA(MATCH($B28,'DIVISION 15'!$A$17:$H$17,0),""),IFNA(MATCH($B28,'DIVISION 15'!$A$18:$H$18,0),""))=5,'DIVISION 15'!$E$1,SUM(IFNA(MATCH($B28,'DIVISION 15'!$A$2:$H$2,0),""),IFNA(MATCH($B28,'DIVISION 15'!$A$3:$H$3,0),""),IFNA(MATCH($B28,'DIVISION 15'!$A$4:$H$4,0),""),IFNA(MATCH($B28,'DIVISION 15'!$A$5:$H$5,0),""),IFNA(MATCH($B28,'DIVISION 15'!$A$6:$H$6,0),""),IFNA(MATCH($B28,'DIVISION 15'!$A$7:$H$7,0),""),IFNA(MATCH($B28,'DIVISION 15'!$A$8:$H$8,0),""),IFNA(MATCH($B28,'DIVISION 15'!$A$9:$H$9,0),""),IFNA(MATCH($B28,'DIVISION 15'!$A$10:$H$10,0),""),IFNA(MATCH($B28,'DIVISION 15'!$A$11:$H$11,0),""),IFNA(MATCH($B28,'DIVISION 15'!$A$12:$H$12,0),""),IFNA(MATCH($B28,'DIVISION 15'!$A$13:$H$13,0),""),IFNA(MATCH($B28,'DIVISION 15'!$A$14:$H$14,0),""),IFNA(MATCH($B28,'DIVISION 15'!$A$15:$H$15,0),""),IFNA(MATCH($B28,'DIVISION 15'!$A$16:$H$16,0),""),IFNA(MATCH($B28,'DIVISION 15'!$A$17:$H$17,0),""),IFNA(MATCH($B28,'DIVISION 15'!$A$18:$H$18,0),""))=6,'DIVISION 15'!$F$1,SUM(IFNA(MATCH($B28,'DIVISION 15'!$A$2:$H$2,0),""),IFNA(MATCH($B28,'DIVISION 15'!$A$3:$H$3,0),""),IFNA(MATCH($B28,'DIVISION 15'!$A$4:$H$4,0),""),IFNA(MATCH($B28,'DIVISION 15'!$A$5:$H$5,0),""),IFNA(MATCH($B28,'DIVISION 15'!$A$6:$H$6,0),""),IFNA(MATCH($B28,'DIVISION 15'!$A$7:$H$7,0),""),IFNA(MATCH($B28,'DIVISION 15'!$A$8:$H$8,0),""),IFNA(MATCH($B28,'DIVISION 15'!$A$9:$H$9,0),""),IFNA(MATCH($B28,'DIVISION 15'!$A$10:$H$10,0),""),IFNA(MATCH($B28,'DIVISION 15'!$A$11:$H$11,0),""),IFNA(MATCH($B28,'DIVISION 15'!$A$12:$H$12,0),""),IFNA(MATCH($B28,'DIVISION 15'!$A$13:$H$13,0),""),IFNA(MATCH($B28,'DIVISION 15'!$A$14:$H$14,0),""),IFNA(MATCH($B28,'DIVISION 15'!$A$15:$H$15,0),""),IFNA(MATCH($B28,'DIVISION 15'!$A$16:$H$16,0),""),IFNA(MATCH($B28,'DIVISION 15'!$A$17:$H$17,0),""),IFNA(MATCH($B28,'DIVISION 15'!$A$18:$H$18,0),""))=7,'DIVISION 15'!$G$1,SUM(IFNA(MATCH($B28,'DIVISION 15'!$A$2:$H$2,0),""),IFNA(MATCH($B28,'DIVISION 15'!$A$3:$H$3,0),""),IFNA(MATCH($B28,'DIVISION 15'!$A$4:$H$4,0),""),IFNA(MATCH($B28,'DIVISION 15'!$A$5:$H$5,0),""),IFNA(MATCH($B28,'DIVISION 15'!$A$6:$H$6,0),""),IFNA(MATCH($B28,'DIVISION 15'!$A$7:$H$7,0),""),IFNA(MATCH($B28,'DIVISION 15'!$A$8:$H$8,0),""),IFNA(MATCH($B28,'DIVISION 15'!$A$9:$H$9,0),""),IFNA(MATCH($B28,'DIVISION 15'!$A$10:$H$10,0),""),IFNA(MATCH($B28,'DIVISION 15'!$A$11:$H$11,0),""),IFNA(MATCH($B28,'DIVISION 15'!$A$12:$H$12,0),""),IFNA(MATCH($B28,'DIVISION 15'!$A$13:$H$13,0),""),IFNA(MATCH($B28,'DIVISION 15'!$A$14:$H$14,0),""),IFNA(MATCH($B28,'DIVISION 15'!$A$15:$H$15,0),""),IFNA(MATCH($B28,'DIVISION 15'!$A$16:$H$16,0),""),IFNA(MATCH($B28,'DIVISION 15'!$A$17:$H$17,0),""),IFNA(MATCH($B28,'DIVISION 15'!$A$18:$H$18,0),""))=8,'DIVISION 15'!$H$1) -> EITU | U28: =T28&COUNTIF($T$1:T28,T28) -> EITU5 | V28: =SUMIF(AsistenciaViewJetAdmin!$A$3:$A$101,A28,AsistenciaViewJetAdmin!$C$3:$C$101)/(COUNTIF(AsistenciaViewJetAdmin!$D$102:V$102,">0")+COUNTIF(ActividadesEspeciales!$D$102:V$102,">0"))*100 -> 79.255319
